name,position,school,draftYear,draftRound,draftPick,team
Fernando Mendoza,QB,Indiana,2026,1,1,LV
David Bailey,EDGE,Texas Tech,2026,1,2,NYJ
Jeremiyah Love,RB,Notre Dame,2026,1,3,ARI
Carnell Tate,WR,Ohio State,2026,1,4,TEN
Arvell Reese,LB,Ohio State,2026,1,5,NYG
Mansoor Delane,CB,LSU,2026,1,6,KC
Sonny Styles,LB,Ohio State,2026,1,7,WSH
Jordyn Tyson,WR,Arizona St,2026,1,8,NO
Spencer Fano,OT,Utah,2026,1,9,CLE
Francis Mauigoa,OT,Miami,2026,1,10,NYG
Caleb Downs,S,Ohio State,2026,1,11,DAL
Kadyn Proctor,OT,Alabama,2026,1,12,MIA
Ty Simpson,QB,Alabama,2026,1,13,LAR
Olaivavega Ioane,OG,Penn State,2026,1,14,BAL
Rueben Bain Jr.,EDGE,Miami,2026,1,15,TB
Kenyon Sadiq,TE,Oregon,2026,1,16,NYJ
Blake Miller,OT,Clemson,2026,1,17,DET
Caleb Banks,DT,Florida,2026,1,18,MIN
Monroe Freeling,OT,Georgia,2026,1,19,CAR
Makai Lemon,WR,USC,2026,1,20,PHI
Max Iheanachor,OT,Arizona St,2026,1,21,PIT
Akheem Mesidor,EDGE,Miami,2026,1,22,LAC
Malachi Lawrence,EDGE,UCF,2026,1,23,DAL
KC Concepcion,WR,Texas A&M,2026,1,24,CLE
Dillon Thieneman,S,Oregon,2026,1,25,CHI
Keylan Rutledge,OG,Georgia Tech,2026,1,26,HOU
Chris Johnson,CB,San Diego St,2026,1,27,MIA
Caleb Lomu,OT,Utah,2026,1,28,NE
Peter Woods,DT,Clemson,2026,1,29,KC
Omar Cooper Jr.,WR,Indiana,2026,1,30,NYJ
Keldric Faulk,EDGE,Auburn,2026,1,31,TEN
Jadarian Price,RB,Notre Dame,2026,1,32,SEA
De'Zhaun Stribling,WR,Ole Miss,2026,2,33,SF
Chase Bisontis,OG,Texas A&M,2026,2,34,ARI
T.J. Parker,EDGE,Clemson,2026,2,35,BUF
Kayden McDonald,DT,Ohio State,2026,2,36,HOU
Colton Hood,CB,Tennessee,2026,2,37,NYG
Treydan Stukes,S,Arizona,2026,2,38,LV
Denzel Boston,WR,Washington,2026,2,39,CLE
R Mason Thomas,EDGE,Oklahoma,2026,2,40,KC
Cashius Howell,EDGE,Texas A&M,2026,2,41,CIN
Christen Miller,DT,Georgia,2026,2,42,NO
Jacob Rodriguez,LB,Texas Tech,2026,2,43,MIA
Derrick Moore,EDGE,Michigan,2026,2,44,DET
Zion Young,EDGE,Missouri,2026,2,45,BAL
Josiah Trotter,LB,Missouri,2026,2,46,TB
Germie Bernard,WR,Alabama,2026,2,47,PIT
Avieon Terrell,CB,Clemson,2026,2,48,ATL
Lee Hunter,DT,Texas Tech,2026,2,49,CAR
D'Angelo Ponds,CB,Indiana,2026,2,50,NYJ
Jake Golday,LB,Cincinnati,2026,2,51,MIN
Brandon Cisse,CB,South Carolina,2026,2,52,GB
CJ Allen,LB,Georgia,2026,2,53,IND
Eli Stowers,TE,Vanderbilt,2026,2,54,PHI
Gabe Jacas,EDGE,Illinois,2026,2,55,NE
Nate Boerkircher,TE,Texas A&M,2026,2,56,JAX
Logan Jones,C,Iowa,2026,2,57,CHI
Emmanuel McNeil-Warren,S,Toledo,2026,2,58,CLE
Marlin Klein,TE,Michigan,2026,2,59,HOU
Anthony Hill Jr.,LB,Texas,2026,2,60,TEN
Max Klare,TE,Ohio State,2026,2,61,LAR
Davison Igbinosun,CB,Ohio State,2026,2,62,BUF
Jake Slaughter,C,Florida,2026,2,63,LAC
Bud Clark,S,TCU,2026,2,64,SEA
Carson Beck,QB,Miami,2026,3,65,ARI
Tyler Onyedim,DT,Texas A&M,2026,3,66,DEN
Keyron Crawford,EDGE,Auburn,2026,3,67,LV
Markel Bell,OT,Miami,2026,3,68,PHI
Sam Roush,TE,Stanford,2026,3,69,CHI
Romello Height,EDGE,Texas Tech,2026,3,70,SF
Antonio Williams,WR,Clemson,2026,3,71,WSH
Tacario Davis,CB,Washington,2026,3,72,CIN
Oscar Delp,TE,Georgia,2026,3,73,NO
Malachi Fields,WR,Notre Dame,2026,3,74,NYG
Caleb Douglas,WR,Texas Tech,2026,3,75,MIA
Drew Allar,QB,Penn State,2026,3,76,PIT
Chris McClellan,DT,Missouri,2026,3,77,GB
A.J. Haulcy,S,LSU,2026,3,78,IND
Zachariah Branch,WR,Georgia,2026,3,79,ATL
Ja'Kobi Lane,WR,USC,2026,3,80,BAL
Albert Regis,DT,Texas A&M,2026,3,81,JAX
Domonique Orange,DT,Iowa State,2026,3,82,MIN
Chris Brazzell II,WR,Tennessee,2026,3,83,CAR
Ted Hurst,WR,Georgia St,2026,3,84,TB
Daylen Everette,CB,Georgia,2026,3,85,PIT
Austin Barber,OT,Florida,2026,3,86,CLE
Will Kacmarek,TE,Ohio State,2026,3,87,MIA
Emmanuel Pregnon,OG,Oregon,2026,3,88,JAX
Zavion Thomas,WR,LSU,2026,3,89,CHI
Kaelon Black,RB,Indiana,2026,3,90,SF
Trey Zuhn III,C,Texas A&M,2026,3,91,LV
Jaishawn Barham,EDGE,Michigan,2026,3,92,DAL
Keagen Trost,OT,Missouri,2026,3,93,LAR
Chris Bell,WR,Louisville,2026,3,94,MIA
Eli Raridon,TE,Notre Dame,2026,3,95,NE
Gennings Dunker,OT,Iowa,2026,3,96,PIT
Caleb Tiernan,OT,Northwestern,2026,3,97,MIN
Jakobe Thomas,S,Miami,2026,3,98,MIN
Julian Neal,CB,Arkansas,2026,3,99,SEA
Jalen Huskey,CB,Maryland,2026,3,100,JAX
Jermod McCoy,CB,Tennessee,2026,4,101,LV
Jude Bowry,OT,Boston College,2026,4,102,BUF
Darrell Jackson Jr.,DT,Florida St,2026,4,103,NYJ
Kaleb Proctor,DT,SE Louisiana,2026,4,104,ARI
Brenen Thompson,WR,Mississippi St,2026,4,105,LAC
Febechi Nwaiwu,OG,Oklahoma,2026,4,106,HOU
Gracen Halton,DT,Oklahoma,2026,4,107,SF
Jonah Coleman,RB,Washington,2026,4,108,DEN
Jadon Canady,S,Oregon,2026,4,109,KC
Cade Klubnik,QB,Clemson,2026,4,110,NYJ
Kage Casey,OT,Boise St,2026,4,111,DEN
Drew Shelton,OT,Penn State,2026,4,112,DAL
Jalen Farmer,OG,Kentucky,2026,4,113,IND
Devin Moore,CB,Florida,2026,4,114,DAL
Elijah Sarratt,WR,Indiana,2026,4,115,BAL
Keionte Scott,CB,Miami,2026,4,116,TB
Travis Burke,OT,Memphis,2026,4,117,LAC
Jimmy Rolder,LB,Michigan,2026,4,118,DET
Wesley Williams,EDGE,Duke,2026,4,119,JAX
Dani Dennis-Sutton,EDGE,Penn State,2026,4,120,GB
Kaden Wetjen,WR,Iowa,2026,4,121,PIT
Mike Washington Jr.,RB,Arkansas,2026,4,122,LV
Wade Woodaz,LB,Clemson,2026,4,123,HOU
Malik Muhammad,CB,Texas,2026,4,124,CHI
Skyler Bell,WR,UConn,2026,4,125,BUF
Kaleb Elarms-Orr,LB,TCU,2026,4,126,BUF
Carver Willis,OT,Washington,2026,4,127,SF
Connor Lew,C,Auburn,2026,4,128,CIN
Will Lee III,CB,Texas A&M,2026,4,129,CAR
Trey Moore,EDGE,Texas,2026,4,130,MIA
Genesis Smith,S,Arizona,2026,4,131,LAC
Jeremiah Wright,OG,Auburn,2026,4,132,NO
Matthew Hibner,TE,SMU,2026,4,133,BAL
Kendal Daniels,LB,Oklahoma,2026,4,134,ATL
Bryce Boettcher,LB,Oregon,2026,4,135,IND
Bryce Lance,WR,N Dakota St,2026,4,136,NO
LT Overton,EDGE,Alabama,2026,4,137,DAL
Kyle Louis,LB,Pitt,2026,4,138,MIA
Ephesians Prysock,CB,Washington,2026,4,139,SF
Colbie Young,WR,Georgia,2026,4,140,CIN
Kamari Ramsey,S,USC,2026,5,141,HOU
Fernando Carmona,OG,Arkansas,2026,5,142,TEN
Reggie Virgil,WR,Texas Tech,2026,5,143,ARI
Sam Hecht,C,Kansas St,2026,5,144,CAR
Nick Barrett,DT,South Carolina,2026,5,145,LAC
Parker Brailsford,C,Alabama,2026,5,146,CLE
Joshua Josephs,EDGE,Tennessee,2026,5,147,WSH
Beau Stephens,OG,Iowa,2026,5,148,SEA
Justin Jefferson,LB,Alabama,2026,5,149,CLE
Dalton Johnson,S,Arizona,2026,5,150,LV
Zakee Wheatley,S,Penn State,2026,5,151,CAR
Justin Joly,TE,NC State,2026,5,152,DEN
Jager Burton,C,Kentucky,2026,5,153,GB
Jaden Dugger,LB,Louisiana,2026,5,154,SF
DeMonte Capehart,DT,Clemson,2026,5,155,TB
George Gumbs Jr.,EDGE,Florida,2026,5,156,IND
Keith Abney II,CB,Arizona St,2026,5,157,DET
Michael Taaffe,S,Texas,2026,5,158,MIA
Max Bredeson,TE,Michigan,2026,5,159,MIN
Billy Schrauth,OG,Notre Dame,2026,5,160,TB
Emmett Johnson,RB,Nebraska,2026,5,161,KC
Chandler Rivers,CB,Duke,2026,5,162,BAL
Charles Demmings,CB,SF Austin,2026,5,163,MIN
Tanner Koziol,TE,Houston,2026,5,164,JAX
Nicholas Singleton,RB,Penn State,2026,5,165,TEN
Keyshaun Elliott,LB,Arizona St,2026,5,166,CHI
Jalon Kilgore,S,South Carolina,2026,5,167,BUF
Kendrick Law,WR,Kentucky,2026,5,168,DET
Riley Nowakowski,TE,Indiana,2026,5,169,PIT
Joe Royer,TE,Cincinnati,2026,5,170,CLE
Karon Prunty,CB,Wake Forest,2026,5,171,NE
Lorenzo Styles Jr.,S,Ohio State,2026,5,172,NO
Josh Cuevas,TE,Alabama,2026,5,173,BAL
Adam Randall,RB,Clemson,2026,5,174,BAL
Hezekiah Masses,CB,California,2026,5,175,LV
Cyrus Allen,WR,Cincinnati,2026,5,176,KC
Kevin Coleman Jr.,WR,Missouri,2026,5,177,MIA
Cole Payton,QB,N Dakota St,2026,5,178,PHI
Enrique Cruz Jr.,OT,Kansas,2026,5,179,SF
Seydou Traore,TE,Mississippi St,2026,5,180,MIA
Zane Durant,DT,Penn State,2026,5,181,BUF
Taylen Green,QB,Arkansas,2026,6,182,CLE
Karson Sharar,LB,Iowa,2026,6,183,ARI
Jackie Marshall,DT,Baylor,2026,6,184,TEN
Bauer Sharp,TE,LSU,2026,6,185,TB
Bobby Jamison-Travis,DT,Auburn,2026,6,186,NYG
Kaytron Allen,RB,Penn State,2026,6,187,WSH
Anez Cooper,OG,Miami,2026,6,188,NYJ
Brian Parker II,C,Duke,2026,6,189,CIN
Barion Brown,WR,LSU,2026,6,190,NO
Josh Cameron,WR,Baylor,2026,6,191,JAX
J.C. Davis,OT,Illinois,2026,6,192,NYG
Jack Kelly,LB,BYU,2026,6,193,NYG
Pat Coogan,C,Indiana,2026,6,194,TEN
Malik Benson,WR,Oregon,2026,6,195,LV
Dametrious Crownover,OT,Texas A&M,2026,6,196,NE
CJ Daniels,WR,Miami,2026,6,197,LAR
Demond Claiborne,RB,Wake Forest,2026,6,198,MIN
Emmanuel Henderson Jr.,WR,Kansas,2026,6,199,SEA
DJ Campbell,OG,Texas,2026,6,200,MIA
Domani Jackson,CB,Alabama,2026,6,201,GB
Logan Taylor,OG,Boston College,2026,6,202,LAC
CJ Williams,WR,Stanford,2026,6,203,JAX
Lewis Bond,WR,Boston College,2026,6,204,HOU
Skyler Gill-Howard,DT,Texas Tech,2026,6,205,DET
Alex Harkey,OG,Oregon,2026,6,206,LAC
Micah Morris,OG,Georgia,2026,6,207,PHI
Anterio Thompson,DT,Washington,2026,6,208,ATL
Matt Gulbin,C,Michigan St,2026,6,209,WSH
Gabriel Rubio,DT,Notre Dame,2026,6,210,PIT
Ryan Eckley,P,Michigan St,2026,6,211,BAL
Namdi Obiazor,LB,TCU,2026,6,212,NE
Jordan Van den Berg,DT,Georgia Tech,2026,6,213,CHI
Caden Curry,EDGE,Ohio State,2026,6,214,IND
Harold Perkins Jr.,LB,LSU,2026,6,215,ATL
Trey Smack,PK,Florida,2026,6,216,GB
Jayden Williams,OT,Ole Miss,2026,7,217,ARI
Anthony Smith,WR,East Carolina,2026,7,218,DAL
TJ Hall,CB,Iowa,2026,7,219,NO
Toriano Pride Jr.,CB,Missouri,2026,7,220,BUF
Jack Endries,TE,Texas,2026,7,221,CIN
Tyre West,EDGE,Tennessee,2026,7,222,DET
Athan Kaliakmanis,QB,Rutgers,2026,7,223,WSH
Robert Spears-Jennings,S,Oklahoma,2026,7,224,PIT
Jaren Kanak,TE,Oklahoma,2026,7,225,TEN
Landon Robinson,DT,Navy,2026,7,226,CIN
Jackson Kuwatch,LB,Miami OH,2026,7,227,CAR
VJ Payne,S,Kansas St,2026,7,228,NYJ
Brandon Cleveland,DT,NC State,2026,7,229,LV
Eli Heidenreich,RB,Navy,2026,7,230,PIT
Ethan Onianwa,OT,Ohio State,2026,7,231,ATL
Tim Keenan III,DT,Alabama,2026,7,232,LAR
Zach Durfee,EDGE,Washington,2026,7,233,JAX
Behren Morton,QB,Texas Tech,2026,7,234,NE
Gavin Gerhardt,C,Cincinnati,2026,7,235,MIN
Andre Fuller,CB,Toledo,2026,7,236,SEA
Seth McGowan,RB,Kentucky,2026,7,237,IND
Max Llewellyn,EDGE,Iowa,2026,7,238,MIA
Tommy Doman,P,Florida,2026,7,239,BUF
Parker Hughes,LB,MTSU,2026,7,240,JAX
Ar'maj Reed-Adams,OG,Texas A&M,2026,7,241,BUF
Deven Eastern,DT,Minnesota,2026,7,242,SEA
Aiden Fisher,LB,Indiana,2026,7,243,HOU
Cole Wisniewski,S,Texas Tech,2026,7,244,PHI
Jam Miller,RB,Alabama,2026,7,245,NE
Miles Scott,S,Illinois,2026,7,246,DEN
Quintayvious Hutchins,EDGE,Boston College,2026,7,247,NE
Carsen Ryan,TE,BYU,2026,7,248,CLE
Garrett Nussmeier,QB,LSU,2026,7,249,KC
Rayshaun Benny,DT,Michigan,2026,7,250,BAL
Uar Bernard,DT,Nigeria,2026,7,251,PHI
Keyshawn James-Newby,EDGE,New Mexico,2026,7,252,PHI
Evan Beerntsen,OG,Northwestern,2026,7,253,BAL
Deion Burks,WR,Oklahoma,2026,7,254,IND
Michael Dansby,CB,Arizona,2026,7,255,SEA
Dallen Bentley,TE,Utah,2026,7,256,DEN
Red Murdock,LB,Buffalo,2026,7,257,DEN
Kevin Concepcion,WR,Texas A&M,,,,
Michael Trigg,TE,Baylor,,,,DAL
Anthony Lucas,EDGE,USC,,,,DET
Deontae Lawson,LB.I,Alabama,,,,
Dontay Corleone,DL.1T,Cincinnati,,,,
Isaiah World,OT,Oregon,,,,LAC
Zxavian Harris,DL.1T,Ole Miss,,,,
Taurean York,LB.I,Texas A&M,,,,
Jeff Caldwell,WR,Cincinnati,,,,KC
Nadame Tucker,EDGE,Western Michigan,,,,
Devon Marshall,CB,NC State,,,,JAX
Nick Singleton,RB,Penn State,,,,
Tyreak Sapp,EDGE,Florida,,,,CLE
John Michael Gyllenborg,TE,Wyoming,,,,KC
Eric McAlister,WR,TCU,,,,
Fa'alili Fa'amoe,OT,Wake Forest,,,,
J'Mari Taylor,RB,Virginia,,,,JAX
Vincent Anthony Jr,EDGE,Duke,,,,SF
Ethan Burke,EDGE,Texas,,,,BAL
Sawyer Robertson,QB,Baylor,,,,
Aamil Wagner,OT,Notre Dame,,,,
Lander Barton,LB.I,Utah,,,,LAC
Diego Pounds,OT,Ole Miss,,,,KC
Bishop Fitzgerald,S,USC,,,,PIT
Le'Veon Moss,RB,Texas A&M,,,,
Jaydn Ott,RB,Oklahoma,,,,KC
Lance Mason,TE,Wisconsin,,,,
Eric Rivers,WR.S,Georgia Tech,,,,TB
Louis Moore,S,Indiana,,,,
Dae'Quan Wright,TE,Ole Miss,,,,
Brent Austin,CB,California,,,,DEN
Roman Hemby,RB,Indiana,,,,LV
Mikail Kamara,EDGE,Indiana,,,,SF
Tyren Montgomery,WR,John Carroll,,,,TEN
Vinny Anthony II,WR,Wisconsin,,,,ATL
Thaddeus Dixon,CB,North Carolina,,,,NYG
Logan Fano,EDGE,Utah,,,,CLE
Cameron Ball,DL.3T,Arkansas,,,,IND
Bryson Eason,DL.1T,Tennessee,,,,KC
Chris Adams,IOL,Memphis,,,,
DeShon Singleton,S,Nebraska,,,,KC
Jaeden Roberts,IOL.G,Alabama,,,,
Aaron Anderson,WR.S,LSU,,,,
Mason Reiger,EDGE,Wisconsin,,,,PHI
Owen Heinecke,LB.I,Oklahoma,,,,
Patrick Payton,EDGE,LSU,,,,
Desmond Reid,RB,Pittsburgh,,,,
Luke Altmyer,QB,Illinois,,,,DET
Robert Henry Jr,RB,UTSA,,,,WSH
David Gusta,DL.3T,Kentucky,,,,
JMichael Sturdivant,WR,Florida,,,,
Cian Slone,EDGE,NC State,,,,LV
Chase Roberts,WR,BYU,,,,
Jeremiah Williams,EDGE,Texas A&M,,,,
Alan Herron,IOL,Maryland,,,,NO
Rene Konga,DL.5T,Louisville,,,,MIA
Jamarion Miller,RB,Alabama,,,,
Romello Brinson,WR,SMU,,,,
Jack Pyburn,EDGE,LSU,,,,KC
Tristan Leigh,OT,Clemson,,,,
Chip Trayanum,RB,Toledo,,,,NYJ
Jalon Daniels,QB,Kansas,,,,TB
Collin Wright,CB,Stanford,,,,HOU
Xavian Sorey Jr,LB.O,Arkansas,,,,
Diego Pavia,QB,Vanderbilt,,,,
Garrett DiGiorgio,OT,UCLA,,,,JAX
Preston Hodge,CB,Colorado,,,,
Eric Gentry,LB.O,USC,,,,
Rahsul Faison,RB,South Carolina,,,,
Nolan Rucci,OT,Penn State,,,,IND
Scooby Williams,LB.I,Texas A&M,,,,
Xavier Nwankpa,S,Iowa,,,,KC
Harrison Wallace III,WR,Ole Miss,,,,
Ceyair Wright,CB,Nebraska,,,,
Gary Smith III,DL.1T,UCLA,,,,LV
Michael Heldman,EDGE,Central Michigan,,,,
West Weeks,LB,LSU,,,,IND
Dillon Bell,WR,Georgia,,,,MIN
James Thompson Jr,DL.3T,Illinois,,,,SF
Josh Moten,CB,Southern Miss,,,,
Wydett Williams Jr,S,Mississippi,,,,
Caden Barnett,IOL.G,Wyoming,,,,CHI
Isaiah Nwokobia,S,SMU,,,,
Caullin Lacy,WR,Louisville,,,,NYJ
Noah Whittington,RB,Oregon,,,,HOU
Miles Kitselman,TE,Tennessee,,,,
Aaron Graves,DL.3T,Iowa,,,,
Devonta Smith,CB,Notre Dame,,,,CAR
Joshua Braun,IOL,Kentucky,,,,
Brett Thorson,P,Georgia,,,,MIN
Matthew Bergeron,G,Syracuse,,,,ATL
Chris Blair,WR,Alcorn State,,,,ATL
Jahan Dotson,WR,Penn State,,,,ATL
Kyle Hinton,G,Washburn,,,,ATL
Austin Hooper,TE,Stanford,,,,ATL
Michael Jerrell,OT,Findlay,,,,ATL
Corey Levin,G,Chattanooga,,,,ATL
Chris Lindstrom,G,Boston College,,,,ATL
Drake London,WR,USC,,,,ATL
Jake Matthews,OT,Texas A&M,,,,ATL
Ryan Neuzil,C,App State,,,,ATL
Michael Penix Jr.,QB,Washington,,,,ATL
Kyle Pitts Sr.,TE,Florida,,,,ATL
Bijan Robinson,RB,Texas,,,,ATL
Brian Robinson Jr.,RB,Alabama,,,,ATL
Cooper Rush,QB,Central Michigan,,,,ATL
Jack Strand,QB,Minnesota State Moorhead,,,,ATL
Tua Tagovailoa,QB,Alabama,,,,ATL
Jawaan Taylor,OT,Florida,,,,ATL
Cameron Williams,OL,Texas,,,,ATL
Charlie Woerner,TE,Georgia,,,,ATL
Olamide Zaccheaus,WR,Virginia,,,,ATL
Yasir Abdullah,LB,Louisville,,,,ATL
Jessie Bates III,S,Wake Forest,,,,ATL
Billy Bowman Jr.,CB,Oklahoma,,,,ATL
Sydney Brown,S,Illinois,,,,ATL
Divine Deablo,LB,Virginia Tech,,,,ATL
Malcolm DeWalt IV,CB,Akron,,,,ATL
Gervon Dexter Sr.,DT,Florida,,,,ATL
Brandon Dorlus,DT,Oregon,,,,ATL
Samson Ebukam,DE,Eastern Washington,,,,ATL
Mike Ford Jr.,CB,Southeast Missouri State,,,,ATL
Da'Shawn Hand,DT,Alabama,,,,ATL
Christian Harris,LB,Alabama,,,,ATL
DeMarcco Hellams,S,Alabama,,,,ATL
C.J. Henderson,CB,Florida,,,,ATL
Mike Hughes,CB,UCF,,,,ATL
Jared Ivey,LB,Ole Miss,,,,ATL
LaCale London,DE,Western Illinois,,,,ATL
James Pearce Jr.,LB,Tennessee,,,,ATL
Maason Smith,DT,LSU,,,,ATL
Za'Darius Smith,DE,Kentucky,,,,ATL
A.J. Terrell Jr.,CB,Clemson,,,,ATL
Cameron Thomas,DE,San Diego State,,,,ATL
Xavier Watts,S,Notre Dame,,,,ATL
Josh Woods,LB,Maryland,,,,ATL
Jake Bailey,P,Stanford,,,,ATL
Nick Folk,PK,Arizona,,,,ATL
Liam McCullough,LS,Ohio State,,,,ATL
Keshawn Banks,DE,San Diego State,,,,ATL
JD Bertrand,LB,Notre Dame,,,,ATL
Beaux Collins,WR,Notre Dame,,,,ATL
DeAngelo Malone,LB,Western Kentucky,,,,ATL
Storm Norton,OT,Toledo,,,,ATL
Trey Sermon,RB,Ohio State,,,,ATL
Malik Verdon,LB,Iowa State,,,,ATL
Carlos Allen Jr.,DT,Houston,,,,ATL
James Brockermeyer,C,Miami,,,,ATL
Kam Dewberry,G,Alabama,,,,ATL
Dylan Drummond,WR,Eastern Michigan,,,,ATL
Tyler Goodson,RB,Iowa,,,,ATL
Zach Harrison,DE,Ohio State,,,,ATL
Darnay Holmes,CB,UCLA,,,,ATL
Cash Jones,RB,Georgia,,,,ATL
Riley Mahlman,OT,Wisconsin,,,,ATL
Nick Muse,TE,South Carolina,,,,ATL
Jammie Robinson,S,Florida State,,,,ATL
Josh Thompson,G,LSU,,,,ATL
Bralen Trice,LB,Washington,,,,ATL
Jack Velling,TE,Michigan State,,,,ATL
Antwane Wells Jr.,WR,Ole Miss,,,,ATL
Rasheen Ali,RB,Marshall,,,,BAL
Mark Andrews,TE,Oklahoma,,,,BAL
Rashod Bateman,WR,Minnesota,,,,BAL
Joe Fagnano,QB,UConn,,,,BAL
Zay Flowers,WR,Boston College,,,,BAL
Jovaughn Gwyn,G,South Carolina,,,,BAL
Derrick Henry,RB,Alabama,,,,BAL
Justice Hill,RB,Oklahoma State,,,,BAL
Tyler Huntley,QB,Utah,,,,BAL
Lamar Jackson,QB,Louisville,,,,BAL
Emery Jones Jr.,OT,LSU,,,,BAL
Ethan Pocic,C,LSU,,,,BAL
Roger Rosengarten,OT,Washington,,,,BAL
John Simpson,G,Clemson,,,,BAL
Durham Smythe,TE,Notre Dame,,,,BAL
Ronnie Stanley,OT,Notre Dame,,,,BAL
Carson Vinson,OT,Alabama A&M,,,,BAL
Andrew Vorhees,G,USC,,,,BAL
Devontez Walker,WR,North Carolina,,,,BAL
LaJohntay Wester,WR,Colorado,,,,BAL
Chidobe Awuzie,CB,Colorado,,,,BAL
Teddye Buchanan,LB,California,,,,BAL
Calais Campbell,DE,Miami,,,,BAL
Mike Green,LB,Marshall,,,,BAL
Kyle Hamilton,S,Notre Dame,,,,BAL
Jaylinn Hawkins,S,California,,,,BAL
Trey Hendrickson,LB,Florida Atlantic,,,,BAL
Jay Higgins IV,LB,Iowa,,,,BAL
Marlon Humphrey,CB,Alabama,,,,BAL
Keondre Jackson,S,Illinois State,,,,BAL
John Jenkins,DT,Georgia,,,,BAL
Travis Jones,DT,UConn,,,,BAL
Nnamdi Madubuike,DT,Texas A&M,,,,BAL
Keyon Martin,CB,Louisiana,,,,BAL
Aeneas Peebles,DT,Virginia Tech,,,,BAL
Tavius Robinson,LB,Ole Miss,,,,BAL
Trenton Simpson,LB,Clemson,,,,BAL
Roquan Smith,LB,Georgia,,,,BAL
Malaki Starks,S,Georgia,,,,BAL
T.J. Tampa,CB,Iowa State,,,,BAL
Broderick Washington Jr.,DT,Texas Tech,,,,BAL
Nate Wiggins,CB,Clemson,,,,BAL
Tyler Loop,PK,Arizona,,,,BAL
Nick Moore,LS,Georgia,,,,BAL
Bilhal Kone,CB,Western Michigan,,,,BAL
Danny Pinter,C,Ball State,,,,BAL
Jahquez Robinson,S,Auburn,,,,BAL
Skylar Thompson,QB,Kansas State,,,,BAL
AJ Arcuri,OT,Michigan State,,,,BAL
Dominic DeLuca,LB,Penn State,,,,BAL
Chuma Edoga,G,USC,,,,BAL
Xavier Guillory,WR,Arizona State,,,,BAL
Adisa Isaac,LB,Penn State,,,,BAL
Carl Jones,LB,UCLA,,,,BAL
Gerad Lichtenhan,OT,Oregon State,,,,BAL
Dexter Moody,S,Albany State,,,,BAL
Chris Moore,WR,Cincinnati,,,,BAL
David Olajiga,DT,Central Missouri,,,,BAL
Ty Pezza,TE,Brown,,,,BAL
Kaimon Rucker,LB,North Carolina,,,,BAL
Nick Vannett,TE,Ohio State,,,,BAL
K'Von Wallace,CB,Clemson,,,,BAL
Jonathan Ward,RB,Central Michigan,,,,BAL
Lardarius Webb Jr.,CB,Wake Forest,,,,BAL
Josh Allen,QB,Wyoming,,,,BUF
Kyle Allen,QB,Houston,,,,BUF
Alec Anderson,OT,UCLA,,,,BUF
Spencer Brown,OT,Northern Iowa,,,,BUF
Keon Coleman,WR,Florida State,,,,BUF
James Cook III,RB,Georgia,,,,BUF
Austin Corbett,C,Nevada,,,,BUF
Lloyd Cushenberry III,C,LSU,,,,BUF
Ray Davis,RB,Kentucky,,,,BUF
Dion Dawkins,OT,Temple,,,,BUF
Tylan Grable,OT,UCF,,,,BUF
Jackson Hawes,TE,Georgia Tech,,,,BUF
Ty Johnson,RB,Maryland,,,,BUF
Dalton Kincaid,TE,Utah,,,,BUF
Dawson Knox,TE,Ole Miss,,,,BUF
Keleki Latu,TE,Washington,,,,BUF
Connor McGovern,C,Penn State,,,,BUF
DJ Moore,WR,Maryland,,,,BUF
Joshua Palmer,WR,Tennessee,,,,BUF
Khalil Shakir,WR,Boise State,,,,BUF
O'Cyrus Torrence,G,Florida,,,,BUF
Dee Alford,CB,Tusculum,,,,BUF
Joe Andreessen,LB,Buffalo,,,,BUF
Christian Benford,CB,Villanova,,,,BUF
Terrel Bernard,LB,Baylor,,,,BUF
Cole Bishop,S,Utah,,,,BUF
DeWayne Carter,DT,Duke,,,,BUF
Bradley Chubb,LB,NC State,,,,BUF
Mike Danna,DE,Michigan,,,,BUF
Sam Franklin Jr.,S,Temple,,,,BUF
Greg Gaines,DT,Washington,,,,BUF
C.J. Gardner-Johnson,S,Florida,,,,BUF
Maxwell Hairston,CB,Kentucky,,,,BUF
Damar Hamlin,S,Pittsburgh,,,,BUF
Jordan Hancock,CB,Ohio State,,,,BUF
Michael Hoecht,DE,Brown,,,,BUF
Landon Jackson,DE,Arkansas,,,,BUF
Phidarian Mathis,DT,Alabama,,,,BUF
Ed Oliver,DT,Houston,,,,BUF
Greg Rousseau,LB,Miami,,,,BUF
T.J. Sanders,DT,South Carolina,,,,BUF
Javon Solomon,LB,Troy,,,,BUF
Deone Walker,DT,Kentucky,,,,BUF
Dorian Williams,LB,Tulane,,,,BUF
Tyler Bass,PK,Georgia Southern,,,,BUF
Reid Ferguson,LS,LSU,,,,BUF
Tyrell Shavers,WR,San Diego State,,,,BUF
Dorian Strong,CB,Virginia Tech,,,,BUF
Nick Broeker,G,Ole Miss,,,,BUF
Shane Buechele,QB,SMU,,,,BUF
Travis Clayton,OT,,,,,BUF
Te'Cory Couch,CB,Miami,,,,BUF
Greg Dortch,WR,Wake Forest,,,,BUF
Frank Gore Jr.,RB,Southern Miss,,,,BUF
Stephen Gosnell,WR,Virginia Tech,,,,BUF
Keonta Jenkins,LB,Virginia Tech,,,,BUF
Andre Jones Jr.,LB,Louisiana,,,,BUF
Anthony Kendall,CB,Baldwin Wallace,,,,BUF
Chase Lundt,OT,UConn,,,,BUF
Ja'Mori Maclin,WR,Kentucky,,,,BUF
Trent Sherfield,WR,Vanderbilt,,,,BUF
Geno Stone,S,Iowa,,,,BUF
Shaq Thompson,LB,Washington,,,,BUF
Kani Walker,CB,Arkansas,,,,BUF
Jedrick Wills Jr.,OT,Alabama,,,,BUF
Jonathon Brooks,RB,Texas,,,,CAR
Corey Bullock,C,Maryland,,,,CAR
Jalen Coker,WR,Holy Cross,,,,CAR
AJ Dillon,RB,Boston College,,,,CAR
Mitchell Evans,TE,Notre Dame,,,,CAR
Stone Forsythe,OT,Florida,,,,CAR
Luke Fortner,C,Kentucky,,,,CAR
Feleipe Franks,TE,Arkansas,,,,CAR
Jimmy Horn Jr.,WR,Colorado,,,,CAR
Chuba Hubbard,RB,Oklahoma State,,,,CAR
Robert Hunt,G,Louisiana,,,,CAR
Haynes King,QB,Georgia Tech,,,,CAR
Xavier Legette,WR,South Carolina,,,,CAR
Damien Lewis,G,LSU,,,,CAR
Tetairoa McMillan,WR,Arizona,,,,CAR
John Metchie III,WR,Alabama,,,,CAR
Kenny Pickett,QB,Pittsburgh,,,,CAR
Albert Reese IV,OT,Mississippi State,,,,CAR
Ja'Tavion Sanders,TE,Texas,,,,CAR
Brycen Tremayne,WR,Stanford,,,,CAR
Tommy Tremble,TE,Notre Dame,,,,CAR
Rasheed Walker,OT,Penn State,,,,CAR
Darren Waller,TE,Georgia Tech,,,,CAR
Bryce Young,QB,Alabama,,,,CAR
Derrick Brown,DT,Auburn,,,,CAR
Bobby Brown III,DT,Texas A&M,,,,CAR
Claudin Cherelus,LB,Alcorn State,,,,CAR
TeRah Edwards,DT,Illinois,,,,CAR
Akayleb Evans,CB,Missouri,,,,CAR
Trevis Gipson,LB,Tulsa,,,,CAR
Aaron Hall,DT,Duke,,,,CAR
Jaycee Horn,CB,South Carolina,,,,CAR
Thomas Incoom,LB,Central Michigan,,,,CAR
Cam Jackson,DT,Florida,,,,CAR
Mike Jackson,CB,Miami,,,,CAR
Patrick Jones II,LB,Pittsburgh,,,,CAR
Devin Lloyd,LB,Utah,,,,CAR
Tre'von Moehrig,S,TCU,,,,CAR
Bobby Okereke,LB,Stanford,,,,CAR
Jaelan Phillips,LB,Miami,,,,CAR
Lathan Ransom,S,Ohio State,,,,CAR
Nick Scott,S,Penn State,,,,CAR
Chau Smith-Wade,CB,Washington State,,,,CAR
Princely Umanmielen,LB,Ole Miss,,,,CAR
Ryan Fitzgerald,PK,Florida State,,,,CAR
JJ Jansen,LS,Notre Dame,,,,CAR
Sam Martin,P,App State,,,,CAR
Brady Christensen,G,BYU,,,,CAR
Ikem Ekwonu,OT,NC State,,,,CAR
Trevor Etienne,RB,Georgia,,,,CAR
Bam Martin-Scott,LB,South Carolina,,,,CAR
Taylor Moton,OT,Western Michigan,,,,CAR
Nic Scourton,LB,Texas A&M,,,,CAR
Tershawn Wharton,DT,Missouri S&T,,,,CAR
Zion Childress,CB,Kentucky,,,,CAR
Jake Curhan,OT,California,,,,CAR
Tyrel Dodson,LB,Texas A&M,,,,CAR
Cam Gill,LB,Wagner,,,,CAR
Anthony Goodlow,DE,Oklahoma State,,,,CAR
Ahmani Marshall,RB,App State,,,,CAR
David Moore,WR,East Central,,,,CAR
Mapalo Mwansa,LB,,,,,CAR
Parker Petersen,DT,Wisconsin,,,,CAR
Ja'seem Reed,WR,San Diego,,,,CAR
Isaiah Simmons,S,Clemson,,,,CAR
Torricelli Simpkins III,G,South Carolina,,,,CAR
Corey Thornton,CB,Louisville,,,,CAR
Anthony Tyus III,RB,Ohio,,,,CAR
Casey Washington,WR,Illinois,,,,CAR
Chandler Zavala,G,NC State,,,,CAR
Tyson Bagent,QB,Shepherd,,,,CHI
Theo Benedet,OT,British Columbia,,,,CHI
Garrett Bradbury,C,NC State,,,,CHI
Luther Burden III,WR,Missouri,,,,CHI
Jonah Jackson,G,Ohio State,,,,CHI
Roschon Johnson,RB,Texas,,,,CHI
Braxton Jones,OT,Southern Utah,,,,CHI
Case Keenum,QB,Houston,,,,CHI
Cole Kmet,TE,Notre Dame,,,,CHI
Colston Loveland,TE,Michigan,,,,CHI
Jordan McFadden,G,Clemson,,,,CHI
Kyle Monangai,RB,Rutgers,,,,CHI
Luke Newman,OT,Michigan State,,,,CHI
Rome Odunze,WR,Washington,,,,CHI
Kalif Raymond,WR,Holy Cross,,,,CHI
D'Andre Swift,RB,Georgia,,,,CHI
Joe Thuney,G,NC State,,,,CHI
Ozzy Trapilo,OT,Boston College,,,,CHI
Jahdae Walker,WR,Texas A&M,,,,CHI
Caleb Williams,QB,USC,,,,CHI
Darnell Wright,OT,Tennessee,,,,CHI
Josh Blackwell,CB,Duke,,,,CHI
Austin Booker,DE,Kansas,,,,CHI
Devin Bush,LB,Michigan,,,,CHI
T.J. Edwards,LB,Wisconsin,,,,CHI
Neville Gallimore,DT,Oklahoma,,,,CHI
Daniel Hardy,DE,Montana State,,,,CHI
Elijah Hicks,S,California,,,,CHI
D'Marco Jackson,LB,App State,,,,CHI
Grady Jarrett,DE,Clemson,,,,CHI
Jaylon Johnson,CB,Utah,,,,CHI
Jamree Kromah,DE,James Madison,,,,CHI
Cam Lewis,CB,Buffalo,,,,CHI
Jayden Loving,DT,Wake Forest,,,,CHI
James Lynch,DT,Baylor,,,,CHI
Dayo Odeyingbo,DE,Vanderbilt,,,,CHI
Clark Phillips III,CB,Utah,,,,CHI
Jack Sanborn,LB,Wisconsin,,,,CHI
Tyrique Stevenson,CB,Miami,,,,CHI
Kentavius Street,DT,NC State,,,,CHI
Montez Sweat,DE,Mississippi State,,,,CHI
Skyler Thomas,S,Oregon State,,,,CHI
Xavier Woods,S,Louisiana Tech,,,,CHI
Beau Gardner,LS,Georgia,,,,CHI
Cairo Santos,PK,Tulane,,,,CHI
Tory Taylor,P,Iowa,,,,CHI
Beanie Bishop Jr.,CB,West Virginia,,,,CHI
Brittain Brown,RB,UCLA,,,,CHI
Coby Bryant,S,Cincinnati,,,,CHI
Tony Fields II,LB,West Virginia,,,,CHI
Dallis Flowers,CB,Pittsburg State,,,,CHI
Jonathan Garvin,DE,Miami,,,,CHI
Kyler Gordon,CB,Washington,,,,CHI
Ruben Hyppolite II,LB,Maryland,,,,CHI
Jaylon Jones,CB,Ole Miss,,,,CHI
Nikola Kalinic,TE,,,,,CHI
Hayden Large,TE,Iowa,,,,CHI
Dontae Manning,CB,Oregon,,,,CHI
Nephi Sewell,LB,Utah,,,,CHI
Noah Sewell,LB,Oregon,,,,CHI
Shemar Turner,DT,Texas A&M,,,,CHI
Salvon Ahmed,RB,Washington,,,,CHI
Stephen Carlson,TE,Princeton,,,,CHI
Marcus Davenport,DE,UTSA,,,,CHI
Kaden Davis,WR,Northwest Missouri State,,,,CHI
Kyle Hergel,G,Boston College,,,,CHI
Qadir Ismail,TE,Samford,,,,CHI
Buddy Johnson,LB,Texas A&M,,,,CHI
Christian Jones,OT,Texas,,,,CHI
Wayne Matthews III,LB,Michigan State,,,,CHI
Scotty Miller,WR,Bowling Green,,,,CHI
Deantre Prince,CB,Ole Miss,,,,CHI
JP Richardson,WR,TCU,,,,CHI
Zavier Scott,RB,Maine,,,,CHI
Marlen Sewell,S,Vanderbilt,,,,CHI
Erick All Jr.,TE,Iowa,,,,CIN
Jacob Bayer,C,Arkansas State,,,,CIN
Tahj Brooks,RB,Texas Tech,,,,CIN
Chase Brown,RB,Illinois,,,,CIN
Orlando Brown Jr.,OT,Oklahoma,,,,CIN
Joe Burrow,QB,LSU,,,,CIN
Ja'Marr Chase,WR,LSU,,,,CIN
Dylan Fairchild,G,Georgia,,,,CIN
Joe Flacco,QB,Delaware,,,,CIN
Javon Foster,OT,Missouri,,,,CIN
Mike Gesicki,TE,Penn State,,,,CIN
Tee Higgins,WR,Clemson,,,,CIN
Myles Hinton,OT,Michigan,,,,CIN
Andrei Iosivas,WR,Princeton,,,,CIN
Ted Karras,C,Illinois,,,,CIN
Dohnte Meyers,WR,Delta State,,,,CIN
Amarius Mims,OT,Georgia,,,,CIN
Samaje Perine,RB,Oklahoma,,,,CIN
Dalton Risner,G,Kansas State,,,,CIN
Jalen Rivers,G,Miami,,,,CIN
Drew Sample,TE,Washington,,,,CIN
Ke'Shawn Williams,WR,Indiana,,,,CIN
Jonathan Allen,DT,Alabama,,,,CIN
Jordan Battle,S,Alabama,,,,CIN
Swayze Bozeman,LB,Southern Miss,,,,CIN
Oren Burks,LB,Vanderbilt,,,,CIN
Barrett Carter,LB,Clemson,,,,CIN
Bryan Cook,S,Cincinnati,,,,CIN
Jalen Davis,CB,Utah State,,,,CIN
Kyle Dugger,S,Lenoir Rhyne,,,,CIN
B.J. Hill,DT,NC State,,,,CIN
Dax Hill,CB,Michigan,,,,CIN
DJ Ivey,CB,Miami,,,,CIN
Kris Jenkins Jr.,DT,Michigan,,,,CIN
Cedric Johnson,DE,Ole Miss,,,,CIN
PJ Jules,S,Southern Illinois,,,,CIN
Demetrius Knight Jr.,LB,South Carolina,,,,CIN
Dexter Lawrence II,DT,Clemson,,,,CIN
Boye Mafe,DE,Minnesota,,,,CIN
Myles Murphy,DE,Clemson,,,,CIN
Josh Newton,CB,TCU,,,,CIN
T.J. Slaton Jr.,DT,Florida,,,,CIN
Shemar Stewart,DE,Texas A&M,,,,CIN
DJ Turner II,CB,Michigan,,,,CIN
Evan McPherson,PK,Florida,,,,CIN
Ryan Rehkow,P,BYU,,,,CIN
William Wagner,LS,Michigan,,,,CIN
Ja'Sir Taylor,CB,Wake Forest,,,,CIN
Trikweze Bridges,CB,Florida,,,,CIN
Kentrel Bullock,RB,South Alabama,,,,CIN
Sean Clifford,QB,Penn State,,,,CIN
Howard Cross III,DT,Notre Dame,,,,CIN
Isaiah Foskey,DE,Notre Dame,,,,CIN
Blake Freeland,OT,BYU,,,,CIN
Joe Giles-Harris,LB,Duke,,,,CIN
Shaka Heyward,LB,Duke,,,,CIN
Tanner Hudson,TE,Southern Arkansas,,,,CIN
Josh Johnson,QB,San Diego,,,,CIN
Bralyn Lux,CB,Texas Tech,,,,CIN
Kendall Milton,RB,Georgia,,,,CIN
Jordan Moore,WR,Duke,,,,CIN
Garmon Randolph,DE,Baylor,,,,CIN
Noah Thomas,WR,Georgia,,,,CIN
Russ Yeast,S,Kansas State,,,,CIN
Isaiah Bond,WR,Texas,,,,CLE
Michael Burton,FB,Rutgers,,,,CLE
Malachi Corley,WR,Western Kentucky,,,,CLE
Harold Fannin Jr.,TE,Bowling Green,,,,CLE
Tytus Howard,OT,Alabama State,,,,CLE
Elgton Jenkins,C,Mississippi State,,,,CLE
Teven Jenkins,G,Oklahoma State,,,,CLE
Jerry Jeudy,WR,Alabama,,,,CLE
Zion Johnson,G,Boston College,,,,CLE
Dawand Jones,OT,Ohio State,,,,CLE
Quinshon Judkins,RB,Ohio State,,,,CLE
Dylan Sampson,RB,Tennessee,,,,CLE
Raheim Sanders,RB,South Carolina,,,,CLE
Shedeur Sanders,QB,Colorado,,,,CLE
Tylan Wallace,WR,Oklahoma State,,,,CLE
Deshaun Watson,QB,Clemson,,,,CLE
Blake Whiteheart,TE,Wake Forest,,,,CLE
Luke Wypler,C,Ohio State,,,,CLE
Zak Zinter,G,Michigan,,,,CLE
Derek Barnett,DE,Tennessee,,,,CLE
Mekhi Blackmon,CB,USC,,,,CLE
Tyson Campbell,CB,Georgia,,,,CLE
Maliek Collins,DT,Nebraska,,,,CLE
Grant Delpit,S,LSU,,,,CLE
Mason Graham,DT,Michigan,,,,CLE
Mike Hall Jr.,DT,Ohio State,,,,CLE
Myles Harden,CB,South Dakota,,,,CLE
Ronnie Hickman,S,Ohio State,,,,CLE
Adin Huntington,DE,Tulane,,,,CLE
Noah Igbinoghene,CB,Auburn,,,,CLE
Easton Mascarenas-Arnold,LB,USC,,,,CLE
Isaiah McGuire,DE,Missouri,,,,CLE
Donovan McMillon,S,Pittsburgh,,,,CLE
Winston Reid,LB,Weber State,,,,CLE
Carson Schwesinger,LB,UCLA,,,,CLE
Daniel Thomas,S,Auburn,,,,CLE
Jared Verse,DE,Florida State,,,,CLE
Denzel Ward,CB,Ohio State,,,,CLE
Quincy Williams,LB,Murray State,,,,CLE
Sam Williams,LB,Ole Miss,,,,CLE
Corey Bojorquez,P,New Mexico,,,,CLE
Rex Sunahara,LS,West Virginia,,,,CLE
Andre Szmyt,PK,Syracuse,,,,CLE
Travis Bell,DT,Kennesaw State,,,,CLE
Elijah Chatman,DT,SMU,,,,CLE
Kalia Davis,DT,UCF,,,,CLE
Dillon Gabriel,QB,Oregon,,,,CLE
Kendrick Green,G,Illinois,,,,CLE
Damarri Mathis,CB,Pittsburgh,,,,CLE
Jeremiah Owusu-Koramoah,LB,Notre Dame,,,,CLE
Jamari Thrash,WR,Louisville,,,,CLE
Edefuan Ulofoshio,LB,Washington,,,,CLE
Alex Wright,DE,UAB,,,,CLE
Myles Bryant,CB,Washington,,,,CLE
Michael Coats Jr.,CB,West Virginia,,,,CLE
Sam Kamara,DT,Stony Brook,,,,CLE
KT Leveston,OT,Kansas State,,,,CLE
Jaleel McLaughlin,RB,Youngstown State,,,,CLE
Bryce Oliver,WR,Youngstown State,,,,CLE
Wes Pahl,P,Oklahoma State,,,,CLE
D'Angelo Ross,CB,New Mexico,,,,CLE
Messiah Swinson,TE,Arizona State,,,,CLE
Khordae Sydnor,DE,Vanderbilt,,,,CLE
Zion Washington,S,Boise State,,,,CLE
Nathaniel Watson,LB,Mississippi State,,,,CLE
Chris Williams,DT,Wagner,,,,CLE
Kole Wilson,WR,Baylor,,,,CLE
T.J. Bass,G,Oregon,,,,DAL
Cooper Beebe,C,Kansas State,,,,DAL
Tyler Booker,G,Alabama,,,,DAL
Camden Brown,WR,Georgia Southern,,,,DAL
Ajani Cornelius,OT,Oregon,,,,DAL
Malik Davis,RB,Florida,,,,DAL
Emari Demercado,RB,TCU,,,,DAL
Jake Ferguson,TE,Wisconsin,,,,DAL
Ryan Flournoy,WR,Southeast Missouri State,,,,DAL
Tyler Guyton,OT,Oklahoma,,,,DAL
Sam Howell,QB,North Carolina,,,,DAL
Broderick Jones,OT,Georgia,,,,DAL
CeeDee Lamb,WR,Oklahoma,,,,DAL
Hunter Luepke,FB,North Dakota State,,,,DAL
Jonathan Mingo,WR,Ole Miss,,,,DAL
George Pickens,WR,Georgia,,,,DAL
Dak Prescott,QB,Mississippi State,,,,DAL
Luke Schoonmaker,TE,Michigan,,,,DAL
Tyler Smith,G,Tulsa,,,,DAL
Brevyn Spann-Ford,TE,Minnesota,,,,DAL
Terence Steele,OT,Texas Tech,,,,DAL
KaVontae Turpin,WR,TCU,,,,DAL
Javonte Williams,RB,North Carolina,,,,DAL
Markquese Bell,S,Florida A&M,,,,DAL
DaRon Bland,CB,Fresno State,,,,DAL
Jonathan Bullard,DT,Florida,,,,DAL
Caelen Carson,CB,Wake Forest,,,,DAL
Alijah Clark,S,Syracuse,,,,DAL
Kenny Clark,DT,UCLA,,,,DAL
Cobie Durant,CB,South Carolina State,,,,DAL
Donovan Ezeiruaku,LB,Boston College,,,,DAL
Rashan Gary,LB,Michigan,,,,DAL
Malik Hooker,S,Ohio State,,,,DAL
James Houston,LB,Jackson State,,,,DAL
Shemar James,LB,Florida,,,,DAL
P.J. Locke,S,Texas,,,,DAL
Von Miller,LB,Texas A&M,,,,DAL
Otito Ogbonnia,DT,UCLA,,,,DAL
DeMarvion Overshown,LB,Texas,,,,DAL
Shavon Revel Jr.,CB,East Carolina,,,,DAL
Ameer Speed,CB,Michigan State,,,,DAL
Jalen Thompson,S,Washington State,,,,DAL
Tyrus Wheat,LB,Mississippi State,,,,DAL
Quinnen Williams,DT,Alabama,,,,DAL
Dee Winters,LB,TCU,,,,DAL
Bryan Anger,P,California,,,,DAL
Brandon Aubrey,PK,Notre Dame,,,,DAL
Trent Sieg,LS,Colorado State,,,,DAL
Princeton Fant,TE,Tennessee,,,,DAL
Kelvin Gilliam Jr.,DT,Virginia Tech,,,,DAL
Matt Hennessy,C,Temple,,,,DAL
Marist Liufau,LB,Notre Dame,,,,DAL
DJ Rogers,TE,TCU,,,,DAL
Israel Abanikanda,RB,Pittsburgh,,,,DAL
Justin Barron,LB,Syracuse,,,,DAL
Tommy Dunn Jr.,DT,Kansas,,,,DAL
Elijah Garcia,DE,Rice,,,,DAL
Jordan Hudson,WR,SMU,,,,DAL
Marcellus Johnson,OT,Missouri,,,,DAL
Derion Kendrick,CB,Georgia,,,,DAL
Isaiah Land,LB,Florida A&M,,,,DAL
Nick Leverett,G,Rice,,,,DAL
Joe Milton III,QB,Tennessee,,,,DAL
James Mitchell,TE,Virginia Tech,,,,DAL
Wanya Morris,OT,Oklahoma,,,,DAL
Adedayo Odeleye,DT,,,,,DAL
Curtis Robinson,LB,Stanford,,,,DAL
Reddy Steward,CB,Troy,,,,DAL
Nate Adkins,TE,South Carolina,,,,DEN
Tyler Badie,RB,Missouri,,,,DEN
Garett Bolles,OT,Utah,,,,DEN
Pat Bryant,WR,Illinois,,,,DEN
J.K. Dobbins,RB,Ohio State,,,,DEN
Sam Ehlinger,QB,Texas,,,,DEN
Evan Engram,TE,Ole Miss,,,,DEN
Alex Forsyth,C,Oregon,,,,DEN
Troy Franklin,WR,Oregon,,,,DEN
RJ Harvey,RB,UCF,,,,DEN
Lil'Jordan Humphrey,WR,Texas,,,,DEN
Mike McGlinchey,OT,Notre Dame,,,,DEN
Quinn Meinerz,G,Wisconsin Whitewater,,,,DEN
Marvin Mims Jr.,WR,Oklahoma,,,,DEN
Bo Nix,QB,Oregon,,,,DEN
Alex Palczewski,OT,Illinois,,,,DEN
Matt Peart,OT,UConn,,,,DEN
Ben Powers,G,Oklahoma,,,,DEN
Jarrett Stidham,QB,Auburn,,,,DEN
Courtland Sutton,WR,SMU,,,,DEN
Adam Trautman,TE,Dayton,,,,DEN
Jaylen Waddle,WR,Alabama,,,,DEN
Luke Wattenberg,C,Washington,,,,DEN
Kris Abrams-Draine,CB,Missouri,,,,DEN
Zach Allen,DE,Boston College,,,,DEN
Tycen Anderson,S,Toledo,,,,DEN
Jahdae Barron,CB,Texas,,,,DEN
Nik Bonitto,LB,Oklahoma,,,,DEN
Jonathon Cooper,LB,Ohio State,,,,DEN
Jonah Elliss,LB,Utah,,,,DEN
Talanoa Hufanga,S,USC,,,,DEN
Jordan Jackson,DT,Air Force,,,,DEN
Brandon Jones,S,Texas,,,,DEN
D.J. Jones,DT,Ole Miss,,,,DEN
Sai'vion Jones,DE,LSU,,,,DEN
Devon Key,S,Western Kentucky,,,,DEN
Ja'Quan McMillian,CB,East Carolina,,,,DEN
Riley Moss,CB,Iowa,,,,DEN
Karene Reid,LB,Utah,,,,DEN
Malcolm Roach,DT,Texas,,,,DEN
Que Robinson,LB,Alabama,,,,DEN
Alex Singleton,LB,Montana State,,,,DEN
JL Skinner,S,Boise State,,,,DEN
Justin Strnad,LB,Wake Forest,,,,DEN
Pat Surtain II,CB,Alabama,,,,DEN
Dondrea Tillman,LB,IU Pennsylvania,,,,DEN
Jordan Turner,LB,Michigan State,,,,DEN
Eyioma Uwazurike,DE,Iowa State,,,,DEN
Jeremy Crawshaw,P,Florida,,,,DEN
Wil Lutz,PK,Georgia State,,,,DEN
Levelle Bailey,LB,Fresno State,,,,DEN
Frank Crum,OT,Wyoming,,,,DEN
Michael Deiter,C,Wisconsin,,,,DEN
Nick Gargiulo,G,South Carolina,,,,DEN
Matt Henningsen,DE,Wisconsin,,,,DEN
Caleb Lohner,TE,Utah,,,,DEN
Drew Sanders,LB,Arkansas,,,,DEN
David Ebuka Agoha,DE,,,,,DEN
Michael Bandy,WR,San Diego,,,,DEN
Luke Basso,LS,Oregon,,,,DEN
Mitchell Fraboni,LS,Arizona State,,,,DEN
Sean Fresch,CB,Rice,,,,DEN
Kolbe Katsis,WR,Northern Arizona,,,,DEN
Dane Key,WR,Nebraska,,,,DEN
Lucas Krull,TE,Pittsburgh,,,,DEN
Tyler Miller,OT,Iowa State,,,,DEN
Gavin Ortega,OT,Weber State,,,,DEN
Adam Prentice,FB,South Carolina,,,,DEN
Cody Schrader,RB,Missouri,,,,DEN
Calvin Throckmorton,G,Oregon,,,,DEN
Johnny Walker,LB,Missouri,,,,DEN
Ben Bartch,G,Saint John's (MN),,,,DET
Larry Borom,OT,Missouri,,,,DET
Tyler Conklin,TE,Central Michigan,,,,DET
Joshua Dobbs,QB,Tennessee,,,,DET
Miles Frazier,G,LSU,,,,DET
Jahmyr Gibbs,RB,Alabama,,,,DET
Jared Goff,QB,California,,,,DET
Justin Jackson,RB,Northwestern,,,,DET
Sam LaPorta,TE,Iowa,,,,DET
Christian Mahogany,G,Boston College,,,,DET
Tay Martin,WR,Oklahoma State,,,,DET
Jackson Meeks,WR,Syracuse,,,,DET
Tate Ratledge,G,Georgia,,,,DET
Jacob Saylors,RB,East Tennessee State,,,,DET
Juice Scruggs,G,Penn State,,,,DET
Penei Sewell,OT,Oregon,,,,DET
Amon-Ra St. Brown,WR,USC,,,,DET
Isaac TeSlaa,WR,Arkansas,,,,DET
Sione Vaki,RB,Utah,,,,DET
Jameson Williams,WR,Alabama,,,,DET
Brock Wright,TE,Notre Dame,,,,DET
Derrick Barnes,LB,Purdue,,,,DET
Jack Campbell,LB,Iowa,,,,DET
Chuck Clark,S,Virginia Tech,,,,DET
Khalil Dorsey,CB,Northern Arizona,,,,DET
Thomas Harper,S,Notre Dame,,,,DET
Ahmed Hassanein,DE,Boise State,,,,DET
Aidan Hutchinson,DE,Michigan,,,,DET
Christian Izien,S,Rutgers,,,,DET
Tyler Lacy,DT,Oklahoma State,,,,DET
Avonte Maddox,CB,Pittsburgh,,,,DET
Roger McCreary,CB,Auburn,,,,DET
Alim McNeill,DT,NC State,,,,DET
Trevor Nowaske,LB,Saginaw Valley State,,,,DET
Eric O'Neill,DE,Rutgers,,,,DET
Levi Onwuzurike,DE,Washington,,,,DET
Ennis Rakestraw Jr.,CB,Missouri,,,,DET
D.J. Reed,CB,Kansas State,,,,DET
Malcolm Rodriguez,LB,Oklahoma State,,,,DET
Devin White,LB,LSU,,,,DET
Tyleik Williams,DT,Ohio State,,,,DET
Mekhi Wingo,DT,LSU,,,,DET
DJ Wonnum,LB,South Carolina,,,,DET
Rock Ya-Sin,CB,Temple,,,,DET
Jake Bates,PK,Arkansas,,,,DET
Jack Fox,P,Rice,,,,DET
Hogan Hatten,LS,Idaho,,,,DET
Brian Branch,S,Alabama,,,,DET
Damone Clark,LB,LSU,,,,DET
Kerby Joseph,S,Illinois,,,,DET
Giovanni Manu,OT,British Columbia,,,,DET
Cade Mays,C,Tennessee,,,,DET
Michael Niese,G,Temple,,,,DET
Isiah Pacheco,RB,Rutgers,,,,DET
Payton Turner,DE,Houston,,,,DET
Joe Bachie,LB,Michigan State,,,,DET
Aamaris Brown,CB,UNLV,,,,DET
Devin Cochran,OT,Georgia Tech,,,,DET
Thomas Gordon,TE,Northwestern,,,,DET
Lucky Jackson,WR,Western Kentucky,,,,DET
Tom Kennedy,WR,Bryant,,,,DET
Elijah Klein,G,UTEP,,,,DET
Dominic Lovett,WR,Georgia,,,,DET
Mason Miller,G,North Dakota State,,,,DET
Amen Ogbongbemiga,LB,Oklahoma State,,,,DET
Chris Smith,DT,Notre Dame,,,,DET
Ben Stille,DT,Nebraska,,,,DET
Nick Whiteside,CB,Saginaw Valley State,,,,DET
Zach Bako-Bewele,OT,Wake Forest,,,,GB
Aaron Banks,G,Notre Dame,,,,GB
Anthony Belton,OT,NC State,,,,GB
Chris Brooks,RB,BYU,,,,GB
Travis Glover,OT,Georgia State,,,,GB
Matthew Golden,WR,Texas,,,,GB
Josh Jacobs,RB,Alabama,,,,GB
Donovan Jennings,G,South Florida,,,,GB
Kaleb Johnson,RB,Iowa,,,,GB
Tucker Kraft,TE,South Dakota State,,,,GB
MarShawn Lloyd,RB,USC,,,,GB
Jordan Love,QB,Utah State,,,,GB
Bo Melton,WR,Rutgers,,,,GB
Jacob Monk,C,Duke,,,,GB
Skyy Moore,WR,Western Michigan,,,,GB
Jordan Morgan,G,Arizona,,,,GB
Mark Redman,TE,Louisville,,,,GB
Jayden Reed,WR,Michigan State,,,,GB
Sean Rhyan,G,UCLA,,,,GB
Jonnu Smith,TE,Florida International,,,,GB
J. Michael Sturdivant,WR,Florida,,,,GB
Tyrod Taylor,QB,Virginia Tech,,,,GB
Christian Watson,WR,North Dakota State,,,,GB
Josh Whyle,TE,Cincinnati,,,,GB
John Williams,G,Cincinnati,,,,GB
Warren Brinson,DT,Georgia,,,,GB
Karl Brooks,DT,Bowling Green,,,,GB
Javon Bullard,S,Georgia,,,,GB
Anthony Campbell,DT,Miami,,,,GB
Edgerrin Cooper,LB,Texas A&M,,,,GB
Brenton Cox Jr.,DE,Florida,,,,GB
Jonathan Ford,DT,Miami,,,,GB
Zaire Franklin,LB,Syracuse,,,,GB
Kamal Hadden,CB,Tennessee,,,,GB
Javon Hargrave,DT,South Carolina State,,,,GB
Ty'Ron Hopper,LB,Missouri,,,,GB
Isaiah McDuffie,LB,Boston College,,,,GB
Xavier McKinney,S,Alabama,,,,GB
Nick Niemann,LB,Iowa,,,,GB
Keisean Nixon,CB,South Carolina,,,,GB
Kitan Oladapo,S,Oregon State,,,,GB
Barryn Sorrell,DE,Texas,,,,GB
Benjamin St-Juste,CB,Minnesota,,,,GB
Carrington Valentine,CB,Kentucky,,,,GB
Lukas Van Ness,DE,Iowa,,,,GB
Evan Williams,S,Oregon,,,,GB
Devonte Wyatt,DT,Georgia,,,,GB
Matt Orzech,LS,Azusa Pacific,,,,GB
Daniel Whelan,P,UC Davis,,,,GB
Johnathan Baldwin II,S,UNLV,,,,GB
Trey Dean III,S,Florida,,,,GB
Luke Musgrave,TE,Oregon State,,,,GB
Collin Oliver,DE,Oklahoma State,,,,GB
Micah Parsons,DE,Penn State,,,,GB
Jordon Riley,DT,Oregon,,,,GB
Savion Williams,WR,TCU,,,,GB
Thomas Yassmin,TE,Utah,,,,GB
Dalton Cooper,OT,Oklahoma State,,,,GB
Drake Dabney,TE,TCU,,,,GB
Scott Daly,LS,Notre Dame,,,,GB
Josh Gesky,G,Illinois,,,,GB
Chris Hilton Jr.,WR,LSU,,,,GB
Nyjalik Kelly,DE,UCF,,,,GB
Murvin Kenion III,S,Nevada,,,,GB
Lenny Krieg,PK,,,,,GB
Arron Mosby,DE,Fresno State,,,,GB
Isaiah Neyor,WR,Nebraska,,,,GB
Kedon Slovis,QB,BYU,,,,GB
Pierre Strong Jr.,RB,South Dakota State,,,,GB
Dillon Wade,G,Auburn,,,,GB
Kristian Welch,LB,Iowa,,,,GB
Jake Andrews,C,Troy,,,,HOU
Kayshon Boutte,WR,LSU,,,,HOU
British Brooks,RB,North Carolina,,,,HOU
Evan Brown,G,SMU,,,,HOU
Trent Brown,OT,Florida,,,,HOU
Nico Collins,WR,Michigan,,,,HOU
Aireontae Ersery,OT,Minnesota,,,,HOU
Blake Fisher,OT,Notre Dame,,,,HOU
Xavier Hutchinson,WR,Iowa State,,,,HOU
Ed Ingram,G,LSU,,,,HOU
Brevin Jordan,TE,Miami,,,,HOU
Woody Marks,RB,USC,,,,HOU
Davis Mills,QB,Stanford,,,,HOU
David Montgomery,RB,Iowa State,,,,HOU
Foster Moreau,TE,LSU,,,,HOU
Jaylin Noel,WR,Iowa State,,,,HOU
Dalton Schultz,TE,Stanford,,,,HOU
Cade Stover,TE,Ohio State,,,,HOU
C.J. Stroud,QB,Ohio State,,,,HOU
Wyatt Teller,G,Virginia Tech,,,,HOU
Nate Thomas,OT,Louisiana,,,,HOU
Jared Wayne,WR,Pittsburgh,,,,HOU
Azeez Al-Shaair,LB,Florida Atlantic,,,,HOU
Will Anderson Jr.,DE,Alabama,,,,HOU
Reed Blankenship,S,Middle Tennessee,,,,HOU
Calen Bullock,S,USC,,,,HOU
Jadeveon Clowney,DE,South Carolina,,,,HOU
Mario Edwards Jr.,DT,Florida State,,,,HOU
Logan Hall,DE,Houston,,,,HOU
Jake Hansen,LB,Illinois,,,,HOU
Sabastian Harsh,DE,NC State,,,,HOU
Jake Hummel,LB,Iowa State,,,,HOU
Danielle Hunter,DE,LSU,,,,HOU
Kamari Lassiter,CB,Georgia,,,,HOU
Jalen Pitre,S,Baylor,,,,HOU
Sheldon Rankins,DT,Louisville,,,,HOU
Dominique Robinson,DE,Miami (OH),,,,HOU
Jaylin Smith,CB,USC,,,,HOU
Tremon Smith,CB,Central Arkansas,,,,HOU
Derek Stingley Jr.,CB,LSU,,,,HOU
Henry To'oTo'o,LB,Alabama,,,,HOU
Tommy Togiai,DT,Ohio State,,,,HOU
Austin Brinkman,LS,West Virginia,,,,HOU
Ka'imi Fairbairn,PK,UCLA,,,,HOU
Kai Kroeger,P,South Carolina,,,,HOU
Solomon Byrd,DE,USC,,,,HOU
Tank Dell,WR,Houston,,,,HOU
Ali Gaye,DE,LSU,,,,HOU
Sam Hagen,G,South Dakota State,,,,HOU
Kyonte Hamilton,DT,Rutgers,,,,HOU
Jayden Higgins,WR,Iowa State,,,,HOU
Dylan Horton,DE,TCU,,,,HOU
Ja'Marcus Ingram,CB,Buffalo,,,,HOU
Graham Mertz,QB,Florida,,,,HOU
K.C. Ossai,LB,Louisiana,,,,HOU
Braden Smith,OT,Auburn,,,,HOU
E.J. Speed,LB,Tarleton State,,,,HOU
M.J. Stewart,S,North Carolina,,,,HOU
Dominic Bailey,DT,Tennessee,,,,HOU
Chris Braswell,LB,Alabama,,,,HOU
Ka'ena De Cambra,G,Arizona,,,,HOU
Bryce Hall,CB,Virginia,,,,HOU
Jamal Hill,LB,Oregon,,,,HOU
Alijah Huzzie,CB,North Carolina,,,,HOU
Jawhar Jordan,RB,Louisville,,,,HOU
Josh Kelly,WR,Texas Tech,,,,HOU
Zaire Mitchell-Paden,TE,Florida Atlantic,,,,HOU
James Neal III,OT,Iowa State,,,,HOU
George Odum,S,Central Arkansas,,,,HOU
Max Pircher,OT,,,,,HOU
Daniel Sobkowicz,WR,Illinois State,,,,HOU
Junior Tafuna,DT,Utah,,,,HOU
Mitchell Tinsley,WR,Penn State,,,,HOU
Mo Alie-Cox,TE,VCU,,,,IND
Keenan Allen,WR,California,,,,IND
Tanor Bortolini,C,Wisconsin,,,,IND
Josh Downs,WR,North Carolina,,,,IND
Ashton Dulin,WR,Malone,,,,IND
DJ Giddens,RB,Kansas State,,,,IND
Matt Goncalves,G,Pittsburgh,,,,IND
Daniel Jones,QB,Duke,,,,IND
Riley Leonard,QB,Notre Dame,,,,IND
Quenton Nelson,G,Notre Dame,,,,IND
Drew Ogletree,TE,Youngstown State,,,,IND
Alec Pierce,WR,Cincinnati,,,,IND
Bernhard Raimann,OT,Central Michigan,,,,IND
Anthony Richardson Sr.,QB,Florida,,,,IND
Jonathan Taylor,RB,Wisconsin,,,,IND
Jalen Travis,OT,Iowa State,,,,IND
Laquon Treadwell,WR,Ole Miss,,,,IND
Dalton Tucker,G,Marshall,,,,IND
Sedrick Van Pran-Granger,C,Georgia,,,,IND
Tyler Warren,TE,Penn State,,,,IND
Adetomiwa Adebawore,DT,Northwestern,,,,IND
Austin Ajiake,LB,UNLV,,,,IND
DeForest Buckner,DT,Oregon,,,,IND
Cam Bynum,S,California,,,,IND
Jaylon Carlies,LB,Missouri,,,,IND
Tahj Chambers,LB,Ole Miss,,,,IND
Micheal Clemons,DE,Texas A&M,,,,IND
Akeem Davis-Gaither,LB,App State,,,,IND
Johnathan Edwards,CB,Tulane,,,,IND
Sauce Gardner,CB,Cincinnati,,,,IND
Kapena Gushiken,CB,Ole Miss,,,,IND
Arden Key,DE,LSU,,,,IND
Laiatu Latu,DE,UCLA,,,,IND
Jonathan Owens,S,Missouri Western,,,,IND
Tim Smith,DT,Alabama,,,,IND
Grover Stewart,DT,Albany State,,,,IND
Cam Taylor-Britt,CB,Nebraska,,,,IND
Jerry Tillery,DT,Notre Dame,,,,IND
Jaylahn Tuimoloau,DE,Ohio State,,,,IND
Justin Walley,CB,Minnesota,,,,IND
Charvarius Ward,CB,Middle Tennessee,,,,IND
Hunter Wohler,S,Wisconsin,,,,IND
Luke Rhodes,LS,William & Mary,,,,IND
Rigoberto Sanchez,P,Hawai'i,,,,IND
Spencer Shrader,PK,Notre Dame,,,,IND
Will Mallory,TE,Miami,,,,IND
Sean McKeon,TE,Michigan,,,,IND
Cameron Mitchell,CB,Northwestern,,,,IND
D.J. Montgomery,WR,Austin Peay,,,,IND
Coleman Owen,WR,Ohio,,,,IND
Carson Towt,TE,Notre Dame,,,,IND
Ulysses Bentley IV,RB,Ole Miss,,,,IND
Davon Booth,RB,Mississippi State,,,,IND
Pharaoh Brown,TE,Oregon,,,,IND
Rob Carter Jr.,CB,Robert Morris,,,,IND
Anderson Castle,RB,Duke,,,,IND
Anthony Gould,WR,Oregon State,,,,IND
Kenneth Harris,CB,Oklahoma State,,,,IND
Reid Holskey,OT,Miami (OH),,,,IND
Roy Mbaeteka,OT,,,,,IND
Mitchell Melton,DE,Virginia,,,,IND
Daniel Scott,S,California,,,,IND
Josh Sills,G,Oklahoma State,,,,IND
Luke Tenuta,OT,Virginia Tech,,,,IND
Trey Washington,S,Ole Miss,,,,IND
Nick Westbrook-Ikhine,WR,Indiana,,,,IND
Ameer Abdullah,RB,Nebraska,,,,JAX
LeQuint Allen Jr.,RB,Syracuse,,,,JAX
Ezra Cleveland,G,Boise State,,,,JAX
Quinn Ewers,QB,Texas,,,,JAX
Daniel Faalele,G,Minnesota,,,,JAX
Robert Hainsey,C,Notre Dame,,,,JAX
Anton Harrison,OT,Oklahoma,,,,JAX
Travis Hunter,WR,Colorado,,,,JAX
Trevor Lawrence,QB,Clemson,,,,JAX
Walker Little,OT,Stanford,,,,JAX
Jakobi Meyers,WR,NC State,,,,JAX
Wyatt Milum,G,West Virginia,,,,JAX
Jonah Monheim,C,USC,,,,JAX
Quintin Morris,TE,Bowling Green,,,,JAX
Chris Rodriguez Jr.,RB,Kentucky,,,,JAX
Brenton Strange,TE,Penn State,,,,JAX
Brian Thomas Jr.,WR,LSU,,,,JAX
Bhayshul Tuten,RB,Virginia Tech,,,,JAX
Cole Van Lanen,OT,Wisconsin,,,,JAX
Parker Washington,WR,Penn State,,,,JAX
Arik Armstead,DT,Oregon,,,,JAX
Christian Braswell,CB,Rutgers,,,,JAX
Montaric Brown,CB,Arkansas,,,,JAX
Branson Combs,LB,Wake Forest,,,,JAX
Matt Dickerson,DE,UCLA,,,,JAX
Dennis Gardeck,LB,Sioux Falls,,,,JAX
B.J. Green II,DE,Colorado,,,,JAX
DaVon Hamilton,DT,Ohio State,,,,JAX
Josh Hines-Allen,DE,Kentucky,,,,JAX
Antonio Johnson,S,Texas A&M,,,,JAX
Jarrian Jones,CB,Florida State,,,,JAX
Rayuan Lane III,S,Navy,,,,JAX
Jourdan Lewis,CB,Michigan,,,,JAX
Ventrell Miller,LB,Florida,,,,JAX
Eric Murray,S,Minnesota,,,,JAX
Foyesade Oluokun,LB,Yale,,,,JAX
Ruke Orhorhoro,DT,Clemson,,,,JAX
Caleb Ransaw,S,Tulane,,,,JAX
Danny Striggow,DE,Minnesota,,,,JAX
Jahlani Tavai,LB,Hawai'i,,,,JAX
Bryan Thomas Jr.,DE,South Carolina,,,,JAX
Travon Walker,DE,Georgia,,,,JAX
Logan Cooke,P,Mississippi State,,,,JAX
Cam Little,PK,Arkansas,,,,JAX
Ross Matiscik,LS,Baylor,,,,JAX
Jared Bartlett,LB,Cincinnati,,,,JAX
Carter Bradley,QB,South Alabama,,,,JAX
Patrick Mekari,G,California,,,,JAX
Sam Mustipher,C,Notre Dame,,,,JAX
Joey Aguilar,QB,Tennessee,,,,JAX
T.J. Bollers,DT,California,,,,JAX
Geron Christian,OT,Louisville,,,,JAX
Eli Cox,C,Kentucky,,,,JAX
Tim Jones,WR,Southern Miss,,,,JAX
Jack Kiser,LB,Notre Dame,,,,JAX
Jalen McLeod,LB,Auburn,,,,JAX
Kaevon Merriweather,S,Iowa,,,,JAX
Jabbar Muhammad,CB,Oregon,,,,JAX
Nick Mullens,QB,Southern Miss,,,,JAX
Jimto Obidegwu,OT,North Texas,,,,JAX
Trebor Pena,WR,Penn State,,,,JAX
Hayden Rucci,TE,Wisconsin,,,,JAX
Cam'Ron Silmon-Craig,S,Colorado,,,,JAX
Austin Trammell,WR,Rice,,,,JAX
Michael Wortham,WR,Montana,,,,JAX
Kilian Zierer,OT,Auburn,,,,JAX
Kahlil Benson,OT,Indiana,,,,KC
Jake Briningstool,TE,Clemson,,,,KC
Mike Caliendo,G,Western Michigan,,,,KC
Joshua Ezeudu,G,North Carolina,,,,KC
Justin Fields,QB,Ohio State,,,,KC
Noah Gray,TE,Duke,,,,KC
Creed Humphrey,C,Oklahoma,,,,KC
Travis Kelce,TE,Cincinnati,,,,KC
Patrick Mahomes,QB,Texas Tech,,,,KC
Jaylon Moore,OT,Western Michigan,,,,KC
Hunter Nourzad,C,Penn State,,,,KC
Thomas Odukoya,TE,Eastern Michigan,,,,KC
Nikko Remigio,WR,Fresno State,,,,KC
Rashee Rice,WR,SMU,,,,KC
Jalen Royals,WR,Utah State,,,,KC
Josh Simmons,OT,Ohio State,,,,KC
Brashard Smith,RB,SMU,,,,KC
Trey Smith,G,Tennessee,,,,KC
Kingsley Suamataia,OT,BYU,,,,KC
Tyquan Thornton,WR,Baylor,,,,KC
Kenneth Walker III,RB,Michigan State,,,,KC
Jared Wiley,TE,TCU,,,,KC
Xavier Worthy,WR,Texas,,,,KC
Felix Anudike-Uzomah,DE,Kansas State,,,,KC
Jeffrey Bassa,LB,Oregon,,,,KC
Nick Bolton,LB,Missouri,,,,KC
Jack Cochrane,LB,South Dakota,,,,KC
Chamarri Conner,S,Virginia Tech,,,,KC
Kristian Fulton,CB,LSU,,,,KC
Ashton Gillotte,DE,Louisville,,,,KC
Alohi Gilman,S,Notre Dame,,,,KC
Jaden Hicks,S,Washington State,,,,KC
Chris Jones,DT,Mississippi State,,,,KC
George Karlaftis,DE,Purdue,,,,KC
Cooper McDonald,LB,TCU,,,,KC
Chris Roland-Wallace,CB,USC,,,,KC
L'Jarius Sneed,CB,Louisiana Tech,,,,KC
Khyiris Tonga,DT,BYU,,,,KC
Drue Tranquill,LB,Notre Dame,,,,KC
Nohl Williams,CB,California,,,,KC
Matt Araiza,P,San Diego State,,,,KC
Harrison Butker,PK,Georgia Tech,,,,KC
James Winchester,LS,Oklahoma,,,,KC
Ethan Downs,LB,Oklahoma,,,,KC
Jimmy Holiday,WR,Louisiana Tech,,,,KC
Omarr Norman-Lott,DT,Tennessee,,,,KC
Matt Waletzko,OT,North Dakota,,,,KC
Andrew Armstrong,WR,Arkansas,,,,KC
Nathan Carter,RB,Michigan State,,,,KC
Cole Christiansen,LB,Army,,,,KC
Ethan Driskell,OT,Marshall,,,,KC
Omari Evans,WR,Washington,,,,KC
Marcus Harris,DT,Auburn,,,,KC
Cam Jones,LB,Indiana,,,,KC
Kader Kohou,CB,East Texas A&M,,,,KC
Tanner McCalister,S,Ohio State,,,,KC
Pete Nygra,OT,Louisville,,,,KC
Emmanuel Ogbah,DE,Oklahoma State,,,,KC
D'Arco Perkins-McAllister,CB,UL Monroe,,,,KC
Tyreke Smith,DE,Ohio State,,,,KC
Ben VanSumeren,FB,Michigan State,,,,KC
Jack Bech,WR,TCU,,,,LV
Brock Bowers,TE,Georgia,,,,LV
Spencer Burford,G,UTSA,,,,LV
Kirk Cousins,QB,Michigan State,,,,LV
DJ Glaze,OT,Maryland,,,,LV
Charles Grant,OT,William & Mary,,,,LV
Connor Heyward,FB,Michigan State,,,,LV
Ashton Jeanty,RB,Boise State,,,,LV
Dylan Laube,RB,New Hampshire,,,,LV
Tyler Linderbaum,C,Iowa,,,,LV
Atonio Mafi,G,UCLA,,,,LV
Michael Mayer,TE,Notre Dame,,,,LV
Kolton Miller,OT,UCLA,,,,LV
Jalen Nailor,WR,Michigan State,,,,LV
Aidan O'Connell,QB,Purdue,,,,LV
Jackson Powers-Johnson,G,Oregon,,,,LV
Caleb Rogers,G,Texas Tech,,,,LV
Ian Thomas,TE,Indiana,,,,LV
Tre Tucker,WR,Cincinnati,,,,LV
Dareke Young,WR,Lenoir Rhyne,,,,LV
Thomas Booker IV,DT,Stanford,,,,LV
Adam Butler,DT,Vanderbilt,,,,LV
Jeremy Chinn,S,Southern Illinois,,,,LV
Maxx Crosby,DE,Eastern Michigan,,,,LV
Nakobe Dean,LB,Georgia,,,,LV
Tommy Eichenberg,LB,Ohio State,,,,LV
Folorunso Fatukasi,DT,UConn,,,,LV
Tonka Hemingway,DT,South Carolina,,,,LV
Patrick Johnson,DE,Tulane,,,,LV
Taron Johnson,CB,Weber State,,,,LV
Malcolm Koonce,DE,Buffalo,,,,LV
Jonah Laulu,DT,Oklahoma,,,,LV
Cody Lindenberg,LB,Minnesota,,,,LV
Darrell Luter Jr.,CB,South Alabama,,,,LV
Tristin McCollum,S,Sam Houston,,,,LV
Segun Olubi,LB,San Diego State,,,,LV
Kwity Paye,DE,Michigan,,,,LV
JJ Pegues,DT,Ole Miss,,,,LV
Isaiah Pola-Mao,S,USC,,,,LV
Darien Porter,CB,Iowa State,,,,LV
Eric Stokes,CB,Georgia,,,,LV
Quay Walker,LB,Georgia,,,,LV
AJ Cole,P,NC State,,,,LV
Matt Gay,PK,Utah,,,,LV
Alex Ward,LS,UCF,,,,LV
Chigozie Anusiem,CB,Colorado State,,,,LV
Chris Collier,RB,Lock Haven University,,,,LV
Brennan Jackson,LB,Washington State,,,,LV
Justin Pickett,G,Duke,,,,LV
Corey Rucker,WR,Arkansas State,,,,LV
Carter Runyon,TE,Towson,,,,LV
Justin Shorter,WR,Florida,,,,LV
Dont'e Thornton Jr.,WR,Tennessee,,,,LV
Ronnie Bell,WR,Michigan,,,,LV
Niklas Henning,OT,,,,,LV
Devin Lafayette,S,Troy,,,,LV
Kansei Matsuzawa,PK,Hawai'i,,,,LV
Cameron McGrone,LB,Michigan,,,,LV
Chris Myarick,TE,Temple,,,,LV
Evan Neal,G,Alabama,,,,LV
Dare Ogunbowale,RB,Wisconsin,,,,LV
Azeez Ojulari,LB,Georgia,,,,LV
Will Putnam,C,Clemson,,,,LV
Deven Thompkins,WR,Utah State,,,,LV
Greedy Vance,CB,USC,,,,LV
Cody White,WR,Michigan State,,,,LV
Joe Alt,OT,Notre Dame,,,,LAC
Kayode Awosika,G,Buffalo,,,,LAC
Tyler Biadasz,C,Wisconsin,,,,LAC
Derius Davis,WR,TCU,,,,LAC
Oronde Gadsden,TE,Syracuse,,,,LAC
Omarion Hampton,RB,North Carolina,,,,LAC
Tre' Harris,WR,Ole Miss,,,,LAC
Justin Herbert,QB,Oregon,,,,LAC
Alec Ingold,FB,Wisconsin,,,,LAC
Quentin Johnston,WR,TCU,,,,LAC
Charlie Kolar,TE,Iowa State,,,,LAC
KeAndre Lambert-Smith,WR,Auburn,,,,LAC
Trey Lance,QB,North Dakota State,,,,LAC
Ladd McConkey,WR,Georgia,,,,LAC
Keaton Mitchell,RB,East Carolina,,,,LAC
David Njoku,TE,Miami,,,,LAC
Trevor Penning,G,Northern Iowa,,,,LAC
Trey Pipkins III,OT,Sioux Falls,,,,LAC
Rashawn Slater,OT,Northwestern,,,,LAC
Jacob Spomer,C,Fresno State,,,,LAC
Cole Strange,G,Chattanooga,,,,LAC
Kimani Vidal,RB,Troy,,,,LAC
Jamaree Caldwell,DT,Oregon,,,,LAC
Bud Dupree,LB,Kentucky,,,,LAC
Troy Dye,LB,Oregon,,,,LAC
Justin Eboigbe,DT,Alabama,,,,LAC
Cam Hart,CB,Notre Dame,,,,LAC
Daiyan Henley,LB,Washington State,,,,LAC
Donte Jackson,CB,LSU,,,,LAC
Derwin James Jr.,S,Florida State,,,,LAC
Tony Jefferson,S,Oklahoma,,,,LAC
Deane Leonard,CB,Ole Miss,,,,LAC
Khalil Mack,LB,Buffalo,,,,LAC
RJ Mickens,S,Clemson,,,,LAC
Elijah Molden,CB,Washington,,,,LAC
Del'Shawn Phillips,LB,Illinois,,,,LAC
Rodney Shelley,CB,Georgia Tech,,,,LAC
Tarheeb Still,CB,Maryland,,,,LAC
Teair Tart,DT,Florida International,,,,LAC
Dalvin Tomlinson,DT,Alabama,,,,LAC
Tuli Tuipulotu,LB,USC,,,,LAC
Marlowe Wax,LB,Syracuse,,,,LAC
Kendall Williamson,S,Stanford,,,,LAC
Cameron Dicker,PK,Texas,,,,LAC
Josh Harris,LS,Auburn,,,,LAC
JK Scott,P,Alabama,,,,LAC
Dalevon Campbell,WR,South Carolina,,,,LAC
Scott Matlock,FB,Boise State,,,,LAC
Denzel Perryman,LB,Miami,,,,LAC
Branson Taylor,G,Pittsburgh,,,,LAC
Andre Carter II,LB,Army,,,,LAC
Junior Colson,LB,Michigan,,,,LAC
Greg Desrosiers Jr.,RB,Memphis,,,,LAC
Kaiir Elam,CB,Florida,,,,LAC
Patrick Herbert,TE,Oregon,,,,LAC
Jordan Jefferson,DT,LSU,,,,LAC
Gary Jennings,WR,West Virginia,,,,LAC
Amar Johnson,RB,South Dakota State,,,,LAC
Josh Kaltenberger,C,Maryland,,,,LAC
Caleb Murphy,LB,Ferris State,,,,LAC
Nikko Reed,CB,Oregon,,,,LAC
Evan Svoboda,TE,Wyoming,,,,LAC
DJ Uiagalelei,QB,Florida State,,,,LAC
Laekin Vakalahi,OT,,,,,LAC
Theo Wease Jr.,WR,Missouri,,,,LAC
Terry Webb,DT,SMU,,,,LAC
Davante Adams,WR,Fresno State,,,,LAR
Davis Allen,TE,Clemson,,,,LAR
Tutu Atwell,WR,Louisville,,,,LAR
Steve Avila,G,TCU,,,,LAR
Stetson Bennett IV,QB,Georgia,,,,LAR
Blake Corum,RB,Michigan,,,,LAR
Kevin Dotson,G,Louisiana,,,,LAR
Terrance Ferguson,TE,Oregon,,,,LAR
Tyler Higbee,TE,Western Kentucky,,,,LAR
Alaric Jackson,OT,Iowa,,,,LAR
Beaux Limmer,C,Arkansas,,,,LAR
Warren McClendon Jr.,OT,Georgia,,,,LAR
Dylan McMahon,C,NC State,,,,LAR
Konata Mumpfield,WR,Pittsburgh,,,,LAR
Bill Murray,G,William & Mary,,,,LAR
Puka Nacua,WR,BYU,,,,LAR
Colby Parkinson,TE,Stanford,,,,LAR
David Quessenberry,OT,San José State,,,,LAR
Ronnie Rivers,RB,Fresno State,,,,LAR
Coleman Shelton,C,Washington,,,,LAR
Xavier Smith,WR,Florida A&M,,,,LAR
Matthew Stafford,QB,Georgia,,,,LAR
Jordan Whittington,WR,Texas,,,,LAR
Kyren Williams,RB,Notre Dame,,,,LAR
Wesley Bailey,LB,Louisville,,,,LAR
Kam Curl,S,Arkansas,,,,LAR
Tyler Davis,DE,Clemson,,,,LAR
Shaun Dolac,LB,Buffalo,,,,LAR
Aaron Donald,DT,Pittsburgh,,,,LAR
Braden Fiske,DE,Florida State,,,,LAR
Emmanuel Forbes Jr.,CB,Mississippi State,,,,LAR
Poona Ford,DT,Texas,,,,LAR
Myles Garrett,DE,Texas A&M,,,,LAR
Ty Hamilton,DT,Ohio State,,,,LAR
Desjuan Johnson,DE,Toledo,,,,LAR
Kamren Kinchens,S,Miami,,,,LAR
Quentin Lake,S,UCLA,,,,LAR
Nate Landman,LB,Colorado,,,,LAR
Jaylen McCollough,S,Tennessee,,,,LAR
Trent McDuffie,CB,Washington,,,,LAR
Omar Speights,LB,LSU,,,,LAR
Josaiah Stewart,LB,Michigan,,,,LAR
Grant Stuard,LB,Houston,,,,LAR
Kobie Turner,DE,Wake Forest,,,,LAR
Josh Wallace,CB,Michigan,,,,LAR
Jaylen Watson,CB,Washington State,,,,LAR
Byron Young,LB,Tennessee,,,,LAR
Joe Cardona,LS,Navy,,,,LAR
Ethan Evans,P,Wingate,,,,LAR
Harrison Mevis,PK,Missouri,,,,LAR
Matthew Caldwell,QB,Texas,,,,LAR
Justin Dedich,G,USC,,,,LAR
Alex Johnson,CB,UCLA,,,,LAR
Zech McPhearson,CB,Texas Tech,,,,LAR
Daniel Rickert,DE,Virginia,,,,LAR
Keir Thomas II,LB,Florida State,,,,LAR
Eddie Walls III,LB,Houston,,,,LAR
Nick Andersen,S,Wake Forest,,,,LAR
Alex Bachman,WR,Wake Forest,,,,LAR
Austin Blaske,OT,North Carolina,,,,LAR
Jack Bouwmeester,P,Texas,,,,LAR
Dean Connors,RB,Houston,,,,LAR
Nyzier Fourqurean,CB,Wisconsin,,,,LAR
Blake Hance,G,Northwestern,,,,LAR
Tanner Ingle,S,NC State,,,,LAR
Cam Lampkin,CB,Washington State,,,,LAR
Larrell Murchison,DE,NC State,,,,LAR
Elias Neal,LB,Marshall,,,,LAR
Bill Norton,DT,Texas,,,,LAR
Darryl Peterson III,LB,Wisconsin,,,,LAR
Brennan Presley,WR,Oklahoma State,,,,LAR
Jamie Sheriff,LB,South Alabama,,,,LAR
Dan Villari,TE,Syracuse,,,,LAR
Jordan Waters,RB,NC State,,,,LAR
De'Von Achane,RB,Texas A&M,,,,MIA
Aaron Brewer,C,Texas State,,,,MIA
Brady Cook,QB,Missouri,,,,MIA
Greg Dulcich,TE,UCLA,,,,MIA
Chukwuebuka Godrick,OT,,,,,MIA
Ollie Gordon II,RB,Oklahoma State,,,,MIA
DJ Herman,FB,San Diego State,,,,MIA
Austin Jackson,OT,USC,,,,MIA
Jarrett Kingston,OT,USC,,,,MIA
Kyle McCord,QB,Syracuse,,,,MIA
Andrew Meyer,C,UTEP,,,,MIA
Ryan Miller,WR,Furman,,,,MIA
Patrick Paul,OT,Houston,,,,MIA
Jonah Savaiinaea,G,Arizona,,,,MIA
Jalen Tolbert,WR,South Alabama,,,,MIA
Caedan Wallace,OT,Penn State,,,,MIA
Malik Washington,WR,Virginia,,,,MIA
Malik Willis,QB,Liberty,,,,MIA
Jaylen Wright,RB,Tennessee,,,,MIA
Zayne Anderson,S,BYU,,,,MIA
Robert Beal Jr.,DE,Georgia,,,,MIA
Zeek Biggers,DT,Georgia Tech,,,,MIA
JuJu Brents,CB,Kansas State,,,,MIA
Jordyn Brooks,LB,Texas Tech,,,,MIA
Keith Cooper Jr.,DT,Houston,,,,MIA
Marcellas Dial Jr.,CB,South Carolina,,,,MIA
Willie Gay Jr.,LB,Mississippi State,,,,MIA
Ronnie Harrison Jr.,LB,Alabama,,,,MIA
Malik Herring,DE,Georgia,,,,MIA
Jason Marshall Jr.,CB,Florida,,,,MIA
Jordan Phillips,DT,Maryland,,,,MIA
Chop Robinson,LB,Penn State,,,,MIA
Zach Sieler,DT,Ferris State,,,,MIA
Reese Taylor,CB,Purdue,,,,MIA
Dante Trader Jr.,S,Maryland,,,,MIA
Josh Uche,LB,Michigan,,,,MIA
Julius Wood,S,East Carolina,,,,MIA
Jackson Woodard,LB,UNLV,,,,MIA
Tucker Addington,LS,Sam Houston,,,,MIA
Riley Patterson,PK,Memphis,,,,MIA
Bradley Pinion,P,Clemson,,,,MIA
Darrell Baker Jr.,CB,Georgia Southern,,,,MIA
Storm Duck,CB,Louisville,,,,MIA
James Ester,G,Northern Illinois,,,,MIA
Kenneth Grant,DT,Michigan,,,,MIA
Ben Sims,TE,Baylor,,,,MIA
Cole Turner,TE,Nevada,,,,MIA
Liam Anderson,LB,Holy Cross,,,,MIA
Gottlieb Ayedze,OT,Maryland,,,,MIA
Ethan Bonner,CB,Stanford,,,,MIA
Major Burns,S,LSU,,,,MIA
Clelin Ferrell,DE,Clemson,,,,MIA
Amari Gainer,LB,North Carolina,,,,MIA
Jarquez Hunter,RB,Auburn,,,,MIA
Rodney McGraw,DE,Western Michigan,,,,MIA
Jordan Miller,DT,SMU,,,,MIA
Jalen Reagor,WR,TCU,,,,MIA
Will Sheppard,WR,Colorado,,,,MIA
Jaylin Simpson,S,Auburn,,,,MIA
Mazi Smith,DT,Michigan,,,,MIA
Carlos Washington Jr.,RB,SE Louisiana,,,,MIA
Tre Watson,TE,Texas A&M,,,,MIA
Jordan Addison,WR,USC,,,,MIN
Gavin Bartholomew,TE,Pittsburgh,,,,MIN
Blake Brandel,C,Oregon State,,,,MIN
Christian Darrisaw,OT,Virginia Tech,,,,MIN
Tai Felton,WR,Maryland,,,,MIN
Will Fries,G,Penn State,,,,MIN
T.J. Hockenson,TE,Iowa,,,,MIN
Joe Huber,G,Wisconsin,,,,MIN
Donovan Jackson,G,Ohio State,,,,MIN
Jauan Jennings,WR,Tennessee,,,,MIN
Jeshaun Jones,WR,Maryland,,,,MIN
Aaron Jones Sr.,RB,UTEP,,,,MIN
Trevor Keegan,G,Michigan,,,,MIN
Jordan Mason,RB,Georgia Tech,,,,MIN
J.J. McCarthy,QB,Michigan,,,,MIN
Kyler Murray,QB,Oklahoma,,,,MIN
Brian O'Neill,OT,Pittsburgh,,,,MIN
Josh Oliver,TE,San José State,,,,MIN
Myles Price,WR,Indiana,,,,MIN
Nick Samac,C,Michigan State,,,,MIN
Ryan Van Demark,OT,UConn,,,,MIN
Carson Wentz,QB,North Dakota State,,,,MIN
Ben Yurosek,TE,Georgia,,,,MIN
Blake Cashman,LB,Minnesota,,,,MIN
Chaz Chambliss,LB,Georgia,,,,MIN
Tyrion Ingram-Dawkins,DE,Georgia,,,,MIN
Theo Jackson,S,Tennessee,,,,MIN
Joshua Metellus,S,Michigan,,,,MIN
Byron Murphy Jr.,CB,Washington,,,,MIN
Ivan Pace Jr.,LB,Cincinnati,,,,MIN
James Pierre,CB,Florida Atlantic,,,,MIN
Jalen Redmond,DT,Oklahoma,,,,MIN
Bo Richter,LB,Air Force,,,,MIN
Isaiah Rodgers,CB,Massachusetts,,,,MIN
Levi Drake Rodriguez,DT,East Texas A&M,,,,MIN
Harrison Smith,S,Notre Dame,,,,MIN
Jacob Thomas,S,James Madison,,,,MIN
Dallas Turner,LB,Alabama,,,,MIN
Andrew Van Ginkel,LB,Wisconsin,,,,MIN
Zemaiah Vaughn,CB,Utah,,,,MIN
Jay Ward,S,LSU,,,,MIN
Elijah Williams,DE,Morgan State,,,,MIN
Eric Wilson,LB,Cincinnati,,,,MIN
Andrew DePaola,LS,Rutgers,,,,MIN
Will Reichard,PK,Alabama,,,,MIN
Jamal Adams,LB,LSU,,,,MIN
Marcus Allen,CB,North Carolina,,,,MIN
Tyler Batty,LB,BYU,,,,MIN
Jermar Jefferson,RB,Oregon State,,,,MIN
Michael Jurgens,C,Wake Forest,,,,MIN
Dwight McGlothern Jr.,CB,Arkansas,,,,MIN
Da'Veawn Armstead,CB,North Texas,,,,MIN
Michael Briscoe,WR,Cal Poly,,,,MIN
Max Brosmer,QB,Minnesota,,,,MIN
Henry Byrd,G,Princeton,,,,MIN
DeeJay Dallas,RB,Miami,,,,MIN
Cam Grandy,TE,Illinois State,,,,MIN
Kahlef Hailassie,S,Western Kentucky,,,,MIN
Naquan Jones,DT,Michigan State,,,,MIN
Bangally Kamara,LB,Kansas,,,,MIN
Jack Nelson,OT,Wisconsin,,,,MIN
Bryce Phillips,CB,San Diego State,,,,MIN
Jahvaree Ritzie,DE,North Carolina,,,,MIN
Trayvon Rudolph,WR,Toledo,,,,MIN
Tavierre Thomas,S,Ferris State,,,,MIN
Kyle Van Noy,LB,BYU,,,,MIN
Tanner Arkin,TE,Illinois,,,,NE
A.J. Brown,WR,Ole Miss,,,,NE
Ben Brown,C,Ole Miss,,,,NE
Will Campbell,OT,LSU,,,,NE
Efton Chism III,WR,Eastern Washington,,,,NE
Tommy DeVito,QB,Illinois,,,,NE
Romeo Doubs,WR,Nevada,,,,NE
DeMario Douglas,WR,Liberty,,,,NE
Reggie Gilliam,FB,Toledo,,,,NE
TreVeyon Henderson,RB,Ohio State,,,,NE
Hunter Henry,TE,Arkansas,,,,NE
Mack Hollins,WR,North Carolina,,,,NE
Jalen Hurd,WR,Baylor,,,,NE
Corey Kiner,RB,Cincinnati,,,,NE
Cameron Latu,TE,Alabama,,,,NE
Drake Maye,QB,North Carolina,,,,NE
Morgan Moses,OT,Virginia,,,,NE
Mike Onwenu,G,Michigan,,,,NE
Walter Rouse,OL,Oklahoma,,,,NE
Rhamondre Stevenson,RB,Oklahoma,,,,NE
Greg Van Roten,G,Pennsylvania,,,,NE
Alijah Vera-Tucker,G,USC,,,,NE
Kyle Williams,WR,Washington State,,,,NE
Jared Wilson,C,Georgia,,,,NE
Christian Barmore,DT,Alabama,,,,NE
Kevin Byard,S,Middle Tennessee,,,,NE
Channing Canada,CB,TCU,,,,NE
Carlton Davis III,CB,Auburn,,,,NE
Cory Durden,DT,NC State,,,,NE
Christian Elliss,LB,Idaho,,,,NE
Joshua Farmer,DT,Florida State,,,,NE
Christian Gonzalez,CB,Oregon,,,,NE
Erick Hunter,LB,Morgan State,,,,NE
Dre'Mont Jones,DE,Ohio State,,,,NE
Marcus Jones,CB,Houston,,,,NE
Darius Muasau,LB,UCLA,,,,NE
Dell Pettus,S,Troy,,,,NE
Elijah Ponder,LB,Cal Poly,,,,NE
Jaylen Reed,S,Penn State,,,,NE
Robert Spillane,LB,Western Michigan,,,,NE
Leonard Taylor III,DT,Miami,,,,NE
Milton Williams,DT,Louisiana Tech,,,,NE
Charles Woods,CB,SMU,,,,NE
Craig Woodson,S,California,,,,NE
Julian Ashby,LS,Vanderbilt,,,,NE
Andy Borregales,PK,Miami,,,,NE
Bryce Baringer,P,Michigan State,,,,NE
Marcus Bryant,OT,Missouri,,,,NE
Julian Hill,TE,Campbell,,,,NE
Isaiah Iton,DT,Rutgers,,,,NE
Khalil Jacobs,LB,Missouri,,,,NE
Harold Landry III,LB,Boston College,,,,NE
Myles Montgomery,RB,UCF,,,,NE
Brenden Schooler,S,Texas,,,,NE
Jeremiah Webb,WR,South Alabama,,,,NE
K.J. Britt,LB,Auburn,,,,NE
Elliott Davison,S,UTSA,,,,NE
Kyle Dixon,WR,Culver Stockton,,,,NE
Cameron Dorner,WR,North Texas,,,,NE
Eric Gregory,DT,Arkansas,,,,NE
Hassan Haskins,RB,Michigan,,,,NE
Jake Kubas,G,North Dakota State,,,,NE
Lan Larison,RB,UC Davis,,,,NE
Lorenz Metz,OT,Cincinnati,,,,NE
Jeremiah Pharms Jr.,DT,Friends,,,,NE
Jose Ramirez,LB,Eastern Michigan,,,,NE
Jacob Rizy,OT,Florida State,,,,NE
Kindle Vildor,CB,Georgia Southern,,,,NE
Riley Wilson,LB,Arizona,,,,NE
Mitch Wishnowsky,P,Utah,,,,NE
Shane Zylstra,TE,Minnesota State,,,,NE
Kelvin Banks Jr.,OT,Texas,,,,NO
David Edwards,G,Wisconsin,,,,NO
Audric Estime,RB,Notre Dame,,,,NO
Travis Etienne Jr.,RB,Clemson,,,,NO
Noah Fant,TE,Iowa,,,,NO
Taliese Fuaga,OT,Oregon State,,,,NO
Juwan Johnson,TE,Oregon,,,,NO
Alvin Kamara,RB,Tennessee,,,,NO
Erik McCoy,C,Texas A&M,,,,NO
Kendre Miller,RB,TCU,,,,NO
Mason Murphy,OT,Auburn,,,,NO
Chris Olave,WR,Ohio State,,,,NO
Spencer Rattler,QB,South Carolina,,,,NO
Brock Rechsteiner,WR,Jacksonville State,,,,NO
Asim Richards,OT,North Carolina,,,,NO
Cesar Ruiz,G,Michigan,,,,NO
William Sherman,G,Colorado,,,,NO
Tyler Shough,QB,Louisville,,,,NO
Devaughn Vele,WR,Utah,,,,NO
Zach Wilson,QB,BYU,,,,NO
Julian Blackmon,S,Utah,,,,NO
Khristian Boyd,DT,Northern Iowa,,,,NO
Vernon Broughton,DT,Texas,,,,NO
Kaden Elliss,LB,Idaho,,,,NO
Martin Emerson Jr.,CB,Mississippi State,,,,NO
Davon Godchaux,DT,LSU,,,,NO
Carl Granderson,DE,Wyoming,,,,NO
Jordan Howden,S,Minnesota,,,,NO
Anfernee Jennings,LB,Alabama,,,,NO
Cameron Jordan,DE,California,,,,NO
Kool-Aid McKinstry,CB,Alabama,,,,NO
Jayden Price,CB,North Dakota State,,,,NO
Justin Reid,S,Stanford,,,,NO
Mike Reid,CB,South Dakota,,,,NO
Decamerion Richardson,CB,Mississippi State,,,,NO
John Ridgeway III,DT,Arkansas,,,,NO
Quincy Riley,CB,Louisville,,,,NO
Chris Rumph II,DE,Duke,,,,NO
Jonas Sanker,S,Virginia,,,,NO
Nathan Shepherd,DT,Fort Hays,,,,NO
Isaiah Stalbird,LB,South Dakota State,,,,NO
Danny Stutsman,LB,Oklahoma,,,,NO
Pete Werner,LB,Ohio State,,,,NO
Tyree Wilson,DE,Texas Tech,,,,NO
Colby Wooden,DT,Auburn,,,,NO
Chase Young,DE,Ohio State,,,,NO
Daniel Carlson,PK,Auburn,,,,NO
Zach Wood,LS,SMU,,,,NO
Ryan Wright,P,Tulane,,,,NO
Bryan Bresee,DT,Clemson,,,,NO
Ty Chandler,RB,North Carolina,,,,NO
Jaylan Ford,LB,Texas,,,,NO
David Long Jr.,CB,Michigan,,,,NO
Moliki Matavao,TE,UCLA,,,,NO
Dillon Radunz,G,North Dakota State,,,,NO
Nick Saldiveri,OT,Old Dominion,,,,NO
Mason Tipton,WR,Yale,,,,NO
Rejzohn Wright,CB,Oregon State,,,,NO
Kevin Austin Jr.,WR,Notre Dame,,,,NO
Fadil Diggs,DE,Syracuse,,,,NO
CJ Donaldson,RB,Ohio State,,,,NO
Easton Kilty,OT,Kansas State,,,,NO
Jalen Moreno-Cropper,WR,Fresno State,,,,NO
Trey Palmer,WR,Nebraska,,,,NO
Jackson Sirmon,LB,California,,,,NO
Stone Smartt,TE,Old Dominion,,,,NO
Charlie Smyth,PK,,,,,NO
Jay'viar Suggs,DT,Wisconsin,,,,NO
Cedric Tillman,WR,Tennessee,,,,NO
Treyton Welch,TE,Wyoming,,,,NO
Zamir White,RB,Georgia,,,,NO
Alex Wollschlaeger,OT,Kentucky,,,,NO
Odell Beckham Jr.,WR,LSU,,,,NYG
Jaxson Dart,QB,Ole Miss,,,,NYG
Jermaine Eluemunor,OT,Texas A&M,,,,NYG
Thomas Fidone II,TE,Nebraska,,,,NYG
Najee Harris,RB,Alabama,,,,NYG
Bryan Hudson,C,Louisville,,,,NYG
Theo Johnson,TE,Penn State,,,,NYG
Isaiah Likely,TE,Coastal Carolina,,,,NYG
Chris Manhertz,TE,Canisius,,,,NYG
Marcus Mbow,OT,Purdue,,,,NYG
Darnell Mooney,WR,Tulane,,,,NYG
Malik Nabers,WR,LSU,,,,NYG
Patrick Ricard,FB,Maine,,,,NYG
Jon Runyan,G,Michigan,,,,NYG
John Michael Schmitz Jr.,C,Minnesota,,,,NYG
Devin Singletary,RB,Florida Atlantic,,,,NYG
Cam Skattebo,RB,Arizona State,,,,NYG
Darius Slayton,WR,Auburn,,,,NYG
Aaron Stinnie,G,James Madison,,,,NYG
Andrew Thomas,OT,Georgia,,,,NYG
Tyrone Tracy Jr.,RB,Purdue,,,,NYG
Jameis Winston,QB,Florida State,,,,NYG
Paulson Adebo,CB,Stanford,,,,NYG
Darius Alexander,DT,Toledo,,,,NYG
Deonte Banks,CB,Maryland,,,,NYG
Zaire Barnes,LB,Western Michigan,,,,NYG
Brian Burns,LB,Florida State,,,,NYG
Elijah Campbell,S,Northern Iowa,,,,NYG
Abdul Carter,LB,Penn State,,,,NYG
Tremaine Edmunds,LB,Virginia Tech,,,,NYG
Chauncey Golston,DE,Iowa,,,,NYG
Shelby Harris,DT,Illinois State,,,,NYG
Jevon Holland,S,Oregon,,,,NYG
Nic Jones,CB,Ball State,,,,NYG
Micah McFadden,LB,Indiana,,,,NYG
Greg Newsome II,CB,Northwestern,,,,NYG
Tyler Nubin,S,Minnesota,,,,NYG
CJ Okoye,DT,,,,,NYG
Dru Phillips,CB,Kentucky,,,,NYG
Jason Pinnock,S,Pittsburgh,,,,NYG
DJ Reader,DT,Clemson,,,,NYG
Kayvon Thibodeaux,LB,Oregon,,,,NYG
Ar'Darius Washington,S,TCU,,,,NYG
Ben Mann,LS,Boston College,,,,NYG
Jordan Stout,P,Penn State,,,,NYG
Dominic Zvada,PK,Michigan,,,,NYG
Calvin Austin III,WR,Memphis,,,,NYG
Jarrick Bernard-Converse,CB,LSU,,,,NYG
Korie Black,CB,Oklahoma State,,,,NYG
DJ James,CB,Auburn,,,,NYG
Gunner Olszewski,WR,Bemidji State,,,,NYG
Rico Payton,CB,Pittsburg State,,,,NYG
Roy Robertson-Harris,DT,UTEP,,,,NYG
Braxton Berrios,WR,Miami,,,,NYG
Dalen Cambre,WR,Louisiana,,,,NYG
Kingsley Eguakun,C,Florida,,,,NYG
Grant Finley,FB,Missouri Western,,,,NYG
Trace Ford,LB,Oklahoma,,,,NYG
Jarrod Gray,OT,,,,,NYG
Jake Haener,QB,Fresno State,,,,NYG
Malik Harrison,LB,Ohio State,,,,NYG
Jalin Hyatt,WR,Tennessee,,,,NYG
Charlie Jones,WR,Purdue,,,,NYG
Elijah Jones,CB,Boston College,,,,NYG
Darian Kinnard,OT,Kentucky,,,,NYG
Raheem Layne,S,Indiana,,,,NYG
Chandler Martin,LB,Memphis,,,,NYG
Ryan Schernecke,OT,Kutztown,,,,NYG
Josh Tupou,DT,Colorado,,,,NYG
Geno VanDeMark,OL,Alabama,,,,NYG
Braelon Allen,RB,Wisconsin,,,,NYJ
Andrew Beck,FB,Texas,,,,NYJ
Isaiah Davis,RB,South Dakota State,,,,NYJ
Olu Fashanu,OT,Penn State,,,,NYJ
Breece Hall,RB,Iowa State,,,,NYJ
Armand Membou,OT,Missouri,,,,NYJ
Jordan Meredith,C,Western Kentucky,,,,NYJ
Adonai Mitchell,WR,Texas,,,,NYJ
Max Mitchell,OT,Louisiana,,,,NYJ
Josh Myers,C,Ohio State,,,,NYJ
Kene Nwangwu,RB,Iowa State,,,,NYJ
Chukwuma Okorafor,OT,Western Michigan,,,,NYJ
Dylan Parham,G,Memphis,,,,NYJ
Tim Patrick,WR,Utah,,,,NYJ
Jeremy Ruckert,TE,Ohio State,,,,NYJ
Arian Smith,WR,Georgia,,,,NYJ
Geno Smith,QB,West Virginia,,,,NYJ
Mason Taylor,TE,LSU,,,,NYJ
Joe Tippmann,C,Wisconsin,,,,NYJ
Isaiah Williams,WR,Illinois,,,,NYJ
Garrett Wilson,WR,Ohio State,,,,NYJ
Jelani Woods,TE,Virginia,,,,NYJ
Dane Belton,S,Iowa,,,,NYJ
Jowon Briggs,DT,Cincinnati,,,,NYJ
Jarvis Brownlee Jr.,CB,Louisville,,,,NYJ
Andre Cisco,S,Syracuse,,,,NYJ
Demario Davis,LB,Arkansas State,,,,NYJ
Kingsley Enagbare,LB,South Carolina,,,,NYJ
Minkah Fitzpatrick,S,Alabama,,,,NYJ
Kiko Mauigoa,LB,Miami,,,,NYJ
Marcelino McCrary-Ball,LB,Indiana,,,,NYJ
Will McDonald IV,DE,Iowa State,,,,NYJ
Braiden McGregor,DE,Michigan,,,,NYJ
Malachi Moore,S,Alabama,,,,NYJ
David Onyemata,DT,Manitoba,,,,NYJ
Joseph Ossai,DE,Texas,,,,NYJ
Harrison Phillips,DT,Stanford,,,,NYJ
Jamien Sherwood,LB,Auburn,,,,NYJ
Brandon Stephens,CB,SMU,,,,NYJ
Qwan'tez Stiggers,CB,,,,,NYJ
T'Vondre Sweat,DT,Texas,,,,NYJ
Azareye'h Thomas,CB,Florida State,,,,NYJ
Trevin Wallace,LB,Kentucky,,,,NYJ
Nahshon Wright,CB,Oregon State,,,,NYJ
Blake Grupe,PK,Notre Dame,,,,NYJ
Thomas Hennessy,LS,Duke,,,,NYJ
Austin McNamara,P,Texas Tech,,,,NYJ
Tyler Baron,DE,Miami,,,,NYJ
Tre Brown,CB,Oklahoma,,,,NYJ
Kingsley Jonathan,DE,Syracuse,,,,NYJ
Mory Bamba,CB,BYU,,,,NYJ
Brant Banks,OT,Rice,,,,NYJ
Jordan Clark,CB,Notre Dame,,,,NYJ
Paschal Ekeji,DE,,,,,NYJ
Jack Heflin,DT,Iowa,,,,NYJ
Al-Jay Henderson,RB,Buffalo,,,,NYJ
Jaden Keller,LB,Virginia Tech,,,,NYJ
Kohl Levao,G,Hawai'i,,,,NYJ
Nate Lynn,DE,William & Mary,,,,NYJ
Malik McClain,WR,Arizona State,,,,NYJ
Xavier Newman,G,Baylor,,,,NYJ
Payton Page,DT,Clemson,,,,NYJ
Jamaal Pritchett,WR,South Alabama,,,,NYJ
Troy Reeder,LB,Delaware,,,,NYJ
Jason Sanders,PK,New Mexico,,,,NYJ
Samuel Womack III,CB,Toledo,,,,NYJ
Bailey Zappe,QB,Western Kentucky,,,,NYJ
Saquon Barkley,RB,Penn State,,,,PHI
Tank Bigsby,RB,Auburn,,,,PHI
Hollywood Brown,WR,Oklahoma,,,,PHI
Darius Cooper,WR,Tarleton State,,,,PHI
Andy Dalton,QB,TCU,,,,PHI
Landon Dickerson,G,Alabama,,,,PHI
Dallas Goedert,TE,South Dakota State,,,,PHI
Jalen Hurts,QB,Oklahoma,,,,PHI
E.J. Jenkins,TE,Georgia Tech,,,,PHI
Fred Johnson,OT,Florida,,,,PHI
Lane Johnson,OT,Oklahoma,,,,PHI
Cam Jurgens,C,Nebraska,,,,PHI
Drew Kendall,C,Boston College,,,,PHI
Willie Lampkin,C,North Carolina,,,,PHI
Jordan Mailata,OT,,,,,PHI
Tanner McKee,QB,Stanford,,,,PHI
Elijah Moore,WR,Ole Miss,,,,PHI
Johnny Mundt,TE,Oregon,,,,PHI
Will Shipley,RB,Clemson,,,,PHI
Tyler Steen,G,Alabama,,,,PHI
Dontayvion Wicks,WR,Virginia,,,,PHI
Zack Baun,LB,Wisconsin,,,,PHI
Jihaad Campbell,LB,Alabama,,,,PHI
Jalen Carter,DT,Georgia,,,,PHI
Michael Carter II,CB,Duke,,,,PHI
Jordan Davis,DT,Georgia,,,,PHI
Cooper DeJean,CB,Iowa,,,,PHI
Arnold Ebiketie,LB,Penn State,,,,PHI
AJ Epenesa,DE,Iowa,,,,PHI
Marcus Epps,S,Wyoming,,,,PHI
Jonathan Greenard,LB,Florida,,,,PHI
Jalyx Hunt,LB,Houston Christian,,,,PHI
Jonathan Jones,CB,Auburn,,,,PHI
Mac McWilliams,CB,UCF,,,,PHI
Quinyon Mitchell,CB,Toledo,,,,PHI
Smael Mondon Jr.,LB,Georgia,,,,PHI
Andrew Mukuba,S,Texas,,,,PHI
Moro Ojomo,DT,Texas,,,,PHI
Kelee Ringo,CB,Georgia,,,,PHI
Ty Robinson,DT,Nebraska,,,,PHI
Nolan Smith Jr.,LB,Georgia,,,,PHI
Jeremiah Trotter Jr.,LB,Clemson,,,,PHI
Riq Woolen,CB,UTSA,,,,PHI
Jake Elliott,PK,Memphis,,,,PHI
Braden Mann,P,Texas A&M,,,,PHI
Rocco Underwood,LS,Florida,,,,PHI
Jakorian Bennett,CB,Maryland,,,,PHI
Grant Calcaterra,TE,SMU,,,,PHI
Tariq Castro-Fields,CB,Penn State,,,,PHI
Tucker Large,S,Washington State,,,,PHI
Andre' Sam,S,LSU,,,,PHI
Johnny Wilson,WR,Florida State,,,,PHI
Kiran Amegadjie,OT,Yale,,,,PHI
Jaydon Blue,RB,Texas,,,,PHI
Chance Campbell,LB,Ole Miss,,,,PHI
Britain Covey,WR,Utah,,,,PHI
Danny Gray,WR,SMU,,,,PHI
Gabe Hall,DT,Baylor,,,,PHI
Robert Longerbeam,CB,Rutgers,,,,PHI
Jake Majors,C,Texas,,,,PHI
John Ojukwu,OT,Boise State,,,,PHI
Dameon Pierce,RB,Florida,,,,PHI
Maximus Pulley,S,Wofford,,,,PHI
Carson Steele,RB,UCLA,,,,PHI
Joshua Weru,LB,,,,,PHI
Spencer Anderson,G,Maryland,,,,PIT
Dylan Cook,OT,Montana,,,,PIT
Rico Dowdle,RB,South Carolina,,,,PIT
Troy Fautanu,OT,Washington,,,,PIT
Zach Frazier,C,West Virginia,,,,PIT
Pat Freiermuth,TE,Penn State,,,,PIT
Brock Hoffman,C,Virginia Tech,,,,PIT
Will Howard,QB,Ohio State,,,,PIT
Ryan McCollum,C,Texas A&M,,,,PIT
Mason McCormick,G,South Dakota State,,,,PIT
DK Metcalf,WR,Ole Miss,,,,PIT
Michael Pittman Jr.,WR,USC,,,,PIT
Aaron Rodgers,QB,California,,,,PIT
Mason Rudolph,QB,Oklahoma State,,,,PIT
Ben Skowronek,WR,Notre Dame,,,,PIT
Robert Tonyan,TE,Indiana State,,,,PIT
Jaylen Warren,RB,Oklahoma State,,,,PIT
Darnell Washington,TE,Georgia,,,,PIT
Roman Wilson,WR,Michigan,,,,PIT
Keeanu Benton,DT,Wisconsin,,,,PIT
Yahya Black,DE,Iowa,,,,PIT
Jaquan Brisker,S,Penn State,,,,PIT
Carson Bruener,LB,Washington,,,,PIT
Jamel Dean,CB,Auburn,,,,PIT
Brandin Echols,CB,Kentucky,,,,PIT
Derrick Harmon,DT,Oregon,,,,PIT
Nick Herbig,LB,Wisconsin,,,,PIT
Cameron Heyward,DT,Ohio State,,,,PIT
Alex Highsmith,LB,Charlotte,,,,PIT
Cole Holcomb,LB,North Carolina,,,,PIT
Rayshawn Jenkins,S,Miami,,,,PIT
Kevin Jobity Jr.,DT,Syracuse,,,,PIT
Sebastian Joseph-Day,DT,Rutgers,,,,PIT
Joey Porter Jr.,CB,Penn State,,,,PIT
Patrick Queen,LB,LSU,,,,PIT
Jalen Ramsey,CB,Florida State,,,,PIT
Asante Samuel Jr.,CB,Florida State,,,,PIT
Jack Sawyer,LB,Ohio State,,,,PIT
T.J. Watt,LB,Wisconsin,,,,PIT
Payton Wilson,LB,NC State,,,,PIT
Chris Boswell,PK,Rice,,,,PIT
Cameron Johnston,P,Ohio State,,,,PIT
Christian Kuntz,LS,Duquesne,,,,PIT
Cole Burgess,WR,SUNY Cortland,,,,PIT
Jack Driscoll,OT,Auburn,,,,PIT
DeShon Elliott,S,Texas,,,,PIT
Daequan Hardy,CB,Penn State,,,,PIT
Donte Kent,CB,Central Michigan,,,,PIT
Logan Lee,DT,Iowa,,,,PIT
Kyler Baugh,DT,Minnesota,,,,PIT
Sebastian Castro,S,Iowa,,,,PIT
Travis Homer,RB,Miami,,,,PIT
Max Hurleman,RB,Notre Dame,,,,PIT
Brandon Johnson,WR,UCF,,,,PIT
Steven Jones,G,Oregon,,,,PIT
Lake McRee,TE,USC,,,,PIT
Doug Nester,G,West Virginia,,,,PIT
Lew Nichols,RB,Central Michigan,,,,PIT
Esezi Otomewo,DT,Minnesota,,,,PIT
Doneiko Slaughter,CB,Arkansas,,,,PIT
Brandon Smith,WR,Iowa,,,,PIT
Bradyn Swinson,LB,LSU,,,,PIT
Car'lin Vigers,CB,UL Monroe,,,,PIT
Julius Welschof,LB,Charlotte,,,,PIT
Jacoby Windmon,LB,Michigan State,,,,PIT
Brandon Aiyuk,WR,Arizona State,,,,SF
Jake Brendel,C,UCLA,,,,SF
Connor Colby,G,Iowa,,,,SF
Jacob Cowing,WR,Arizona,,,,SF
Mike Evans,WR,Texas A&M,,,,SF
Luke Farrell,TE,Ohio State,,,,SF
Jordan James,RB,Oregon,,,,SF
Mac Jones,QB,Alabama,,,,SF
Kyle Juszczyk,FB,Harvard,,,,SF
George Kittle,TE,Iowa,,,,SF
Vederian Lowe,OT,Illinois,,,,SF
Christian McCaffrey,RB,Stanford,,,,SF
Colton McKivitz,OT,West Virginia,,,,SF
Jarrett Patterson,G,Notre Dame,,,,SF
Dominick Puni,G,Kansas,,,,SF
Brock Purdy,QB,Iowa State,,,,SF
Demarcus Robinson,WR,Florida,,,,SF
Kurtis Rourke,QB,Indiana,,,,SF
Deebo Samuel Sr.,WR,South Carolina,,,,SF
Jake Tonges,TE,California,,,,SF
Jordan Watkins,WR,Ole Miss,,,,SF
Trent Williams,OT,Oklahoma,,,,SF
Tatum Bethune,LB,Florida State,,,,SF
Nick Bosa,DE,Ohio State,,,,SF
Ji'Ayir Brown,S,Penn State,,,,SF
Alfred Collins,DT,Texas,,,,SF
Ashtyn Davis,S,California,,,,SF
Luke Gifford,LB,Nebraska,,,,SF
Renardo Green,CB,Florida State,,,,SF
Dre Greenlaw,LB,Arkansas,,,,SF
Jack Jones,CB,Arizona State,,,,SF
Khalid Kareem,DL,Notre Dame,,,,SF
Deommodore Lenoir,CB,Oregon,,,,SF
Malik Mustapha,S,Wake Forest,,,,SF
Siran Neal,CB,Jacksonville State,,,,SF
Osa Odighizuwa,DT,UCLA,,,,SF
Marques Sigle,S,Kansas State,,,,SF
Upton Stout,CB,Western Kentucky,,,,SF
Garret Wallow,LB,TCU,,,,SF
Fred Warner,LB,BYU,,,,SF
C.J. West,DT,Indiana,,,,SF
Keion White,DE,Georgia Tech,,,,SF
Eddy Pineiro,PK,Florida,,,,SF
Corliss Waitman,P,South Alabama,,,,SF
Jon Weeks,LS,Baylor,,,,SF
Andrew Farmer II,DE,Lane College,,,,SF
Darrick Forrest,S,Cincinnati,,,,SF
Isaac Guerendo,RB,Louisville,,,,SF
Nate Hobbs,CB,Illinois,,,,SF
Christian Kirk,WR,Texas A&M,,,,SF
Nick Martin,LB,Oklahoma State,,,,SF
Sam Okuayinonu,DT,Maryland,,,,SF
Ricky Pearsall,WR,Florida,,,,SF
Austen Pleasants,OT,Ohio,,,,SF
Brett Toth,C,Army,,,,SF
Mykel Williams,DE,Georgia,,,,SF
Nick Zakelj,OT,Fordham,,,,SF
Isaac Alarcon,OT,,,,,SF
Brandon Codrington,CB,North Carolina Central,,,,SF
Khalil Dinkins,TE,Penn State,,,,SF
Kevin Givens,DT,Penn State,,,,SF
Jalen Graham,LB,Purdue,,,,SF
Wesley Grimes,WR,NC State,,,,SF
KhaDarel Hodge,WR,Prairie View A&M,,,,SF
Sincere McCormick,RB,UTSA,,,,SF
Drake Nugent,C,Michigan,,,,SF
Ogbo Okoronkwo,LB,Oklahoma,,,,SF
Will Pauling,WR,Notre Dame,,,,SF
Jakob Robinson,CB,BYU,,,,SF
Foster Sarell,OT,Stanford,,,,SF
Jalen Stroman,S,Notre Dame,,,,SF
Sebastian Valdez,DT,Washington,,,,SF
Elijah Arroyo,TE,Miami,,,,SEA
AJ Barner,TE,Michigan,,,,SEA
Anthony Bradford,G,LSU,,,,SEA
Bryce Cabeldue,G,Kansas,,,,SEA
Charles Cross,OT,Mississippi State,,,,SEA
Sam Darnold,QB,USC,,,,SEA
Montorie Foster Jr.,WR,Michigan State,,,,SEA
Christian Haynes,G,UConn,,,,SEA
George Holani,RB,Boise State,,,,SEA
Tory Horton,WR,Colorado State,,,,SEA
Josh Jones,G,Houston,,,,SEA
Nick Kallerup,TE,Minnesota,,,,SEA
Cooper Kupp,WR,Eastern Washington,,,,SEA
Drew Lock,QB,Missouri,,,,SEA
Abraham Lucas,OT,Washington State,,,,SEA
Jalen Milroe,QB,Alabama,,,,SEA
Olu Oluwatimi,C,Michigan,,,,SEA
Brady Russell,FB,Colorado,,,,SEA
Eric Saubert,TE,Drake,,,,SEA
Rashid Shaheed,WR,Weber State,,,,SEA
Jaxon Smith-Njigba,WR,Ohio State,,,,SEA
Jalen Sundell,C,North Dakota State,,,,SEA
Emanuel Wilson,RB,Fort Valley State,,,,SEA
Grey Zabel,G,North Dakota State,,,,SEA
Terrion Arnold,CB,Alabama,,,,SEA
Nick Emmanwori,S,South Carolina,,,,SEA
Dante Fowler Jr.,LB,Florida,,,,SEA
Derick Hall,LB,Auburn,,,,SEA
Josh Jobe,CB,Alabama,,,,SEA
Ernest Jones IV,LB,South Carolina,,,,SEA
Tyrice Knight,LB,UTEP,,,,SEA
DeMarcus Lawrence,LB,Boise State,,,,SEA
Julian Love,S,Notre Dame,,,,SEA
Rylie Mills,DT,Notre Dame,,,,SEA
Mike Morris,DE,Michigan,,,,SEA
Uchenna Nwosu,LB,USC,,,,SEA
Patrick O'Connell,LB,Montana,,,,SEA
Connor O'Toole,LB,Utah,,,,SEA
Ty Okada,S,Montana State,,,,SEA
Brandon Pili,DT,USC,,,,SEA
Nehemiah Pritchett,CB,Auburn,,,,SEA
Jarran Reed,DT,Alabama,,,,SEA
Avery Smith,CB,Toledo,,,,SEA
Chazz Surratt,LB,North Carolina,,,,SEA
Drake Thomas,LB,NC State,,,,SEA
Leonard Williams,DT,USC,,,,SEA
Devon Witherspoon,CB,Illinois,,,,SEA
Michael Dickson,P,Texas,,,,SEA
Jason Myers,PK,Marist,,,,SEA
Chris Stoll,LS,Penn State,,,,SEA
Jake Bobo,WR,UCLA,,,,SEA
Zach Charbonnet,RB,UCLA,,,,SEA
Irv Charles,WR,IU Pennsylvania,,,,SEA
Brock Lampe,FB,Northern Illinois,,,,SEA
Robbie Ouzts,FB,Alabama,,,,SEA
Mason Richman,G,Iowa,,,,SEA
Aaron Smith,LB,South Carolina State,,,,SEA
D'Anthony Bell,S,West Florida,,,,SEA
Logan Brown,OT,Kansas,,,,SEA
Trevon Diggs,CB,Alabama,,,,SEA
AJ Finley,S,Ole Miss,,,,SEA
Bobby Hart,OT,Florida State,,,,SEA
Julian Hicks,WR,UAlbany,,,,SEA
Maxen Hook,S,Toledo,,,,SEA
Aidan Hubbard,LB,Northwestern,,,,SEA
Velus Jones Jr.,WR,Tennessee,,,,SEA
Federico Maranges,C,Florida Atlantic,,,,SEA
Rodney Thomas II,S,Yale,,,,SEA
Ricky White III,WR,UNLV,,,,SEA
Jacardia Wright,RB,Missouri State,,,,SEA
Graham Barton,C,Duke,,,,TB
Ben Bredeson,G,Michigan,,,,TB
Benjamin Chukwuma,OT,Georgia State,,,,TB
Payne Durham,TE,Purdue,,,,TB
Emeka Egbuka,WR,Ohio State,,,,TB
Dan Feeney,G,Indiana,,,,TB
Kenny Gainwell,RB,Memphis,,,,TB
Chris Godwin Jr.,WR,Penn State,,,,TB
Luke Goedeke,OT,Central Michigan,,,,TB
Luke Haggard,G,Indiana,,,,TB
Bucky Irving,RB,Oregon,,,,TB
Kameron Johnson,WR,Barton,,,,TB
Tez Johnson,WR,Oregon,,,,TB
Ko Kieft,TE,Minnesota,,,,TB
Cody Mauch,G,North Dakota State,,,,TB
Baker Mayfield,QB,Oklahoma,,,,TB
Jalen McMillan,WR,Washington,,,,TB
Cade Otton,TE,Washington,,,,TB
Justin Skule,OT,Vanderbilt,,,,TB
Sean Tucker,RB,Syracuse,,,,TB
Tristan Wirfs,OT,Iowa,,,,TB
Alex Anzalone,LB,Florida,,,,TB
SirVocea Dennis,LB,Pittsburgh,,,,TB
Yaya Diaby,LB,Louisville,,,,TB
Ayden Garnes,CB,Arizona,,,,TB
Calijah Kancey,DT,Pittsburgh,,,,TB
Miles Killebrew,S,Southern Utah,,,,TB
Kevin Knowles,CB,Florida State,,,,TB
Zyon McCollum,CB,Sam Houston,,,,TB
Benjamin Morrison,CB,Notre Dame,,,,TB
Al-Quadin Muhammad,LB,Miami,,,,TB
Anthony Nelson,LB,Iowa,,,,TB
Rakeem Nunez-Roches,DT,Southern Miss,,,,TB
Jacob Parrish,CB,Kansas State,,,,TB
Elijah Roberts,DE,SMU,,,,TB
A'Shawn Robinson,DT,Alabama,,,,TB
Christian Rozeboom,LB,South Dakota State,,,,TB
Elijah Simmons,DT,Tennessee,,,,TB
Tykee Smith,S,Georgia,,,,TB
Vita Vea,DT,Washington,,,,TB
David Walker,LB,Central Arkansas,,,,TB
Antoine Winfield Jr.,S,Minnesota,,,,TB
Evan Deckers,LS,Duke,,,,TB
Riley Dixon,P,Syracuse,,,,TB
Chase McLaughlin,PK,Illinois,,,,TB
Josh Hayes,CB,Kansas State,,,,TB
Mohamed Kamara,LB,Colorado State,,,,TB
Deshawn McKnight,DT,Arizona,,,,TB
David Sills V,WR,West Virginia,,,,TB
Xavier Williams,S,Cincinnati,,,,TB
CJ Dippre,TE,Alabama,,,,TB
Garrett Greene,WR,West Virginia,,,,TB
Yasir Holmes,LB,Tarleton State,,,,TB
Jayson Jones,DT,Auburn,,,,TB
Henry Lutovsky,G,Nebraska,,,,TB
Ifeatu Melifonwu,S,Syracuse,,,,TB
Sean Murphy-Bunting,CB,Central Michigan,,,,TB
Dean Patterson,WR,Georgia Tech,,,,TB
JJ Roberts,S,Marshall,,,,TB
Paul Rubelt,OT,UCF,,,,TB
Ben Scott,G,Nebraska,,,,TB
Easton Stick,QB,North Dakota State,,,,TB
Silas Walters,S,Miami (OH),,,,TB
Josh Williams,RB,LSU,,,,TB
Javin Wright,LB,Nebraska,,,,TB
Elic Ayomanor,WR,Stanford,,,,TEN
Daniel Bellinger,TE,San Diego State,,,,TEN
Julius Chestnut,RB,Sacred Heart,,,,TEN
Brandon Crenshaw-Dickson,OT,Florida,,,,TEN
Garrett Dellinger,G,LSU,,,,TEN
Chimere Dike,WR,Florida,,,,TEN
Kylen Granson,TE,SMU,,,,TEN
Gunnar Helm,TE,Texas,,,,TEN
James Hudson III,OT,Cincinnati,,,,TEN
JC Latham,OT,Alabama,,,,TEN
David Martin-Robinson,TE,Temple,,,,TEN
Dan Moore Jr.,OT,Texas A&M,,,,TEN
Tony Pollard,RB,Memphis,,,,TEN
Calvin Ridley,WR,Alabama,,,,TEN
Wan'Dale Robinson,WR,Kentucky,,,,TEN
Austin Schlottmann,C,TCU,,,,TEN
Peter Skoronski,G,Northwestern,,,,TEN
Jackson Slater,G,Sacramento State,,,,TEN
Tyjae Spears,RB,Tulane,,,,TEN
Mitchell Trubisky,QB,North Carolina,,,,TEN
Cam Ward,QB,Miami,,,,TEN
Tony Adams,S,Illinois,,,,TEN
Cody Barton,LB,Utah,,,,TEN
Terrell Burgess,S,Utah,,,,TEN
Jordan Elliott,DT,Missouri,,,,TEN
Cor'Dale Flott,CB,LSU,,,,TEN
John Franklin-Myers,DE,Stephen F. Austin,,,,TEN
Cedric Gray,LB,North Carolina,,,,TEN
Amani Hooker,S,Iowa,,,,TEN
Jermaine Johnson II,DE,Florida State,,,,TEN
Truman Jones,DE,Harvard,,,,TEN
Jacob Martin,DE,Temple,,,,TEN
Oluwafemi Oladejo,DE,UCLA,,,,TEN
Owen Pappoe,LB,Auburn,,,,TEN
Micah Robinson,CB,Tulane,,,,TEN
Jeffery Simmons,DT,Mississippi State,,,,TEN
Melvin Smith Jr.,CB,Southern Arkansas,,,,TEN
Nazir Stackhouse,DT,Georgia,,,,TEN
Alontae Taylor,CB,Tennessee,,,,TEN
Solomon Thomas,DT,Stanford,,,,TEN
James Williams Sr.,LB,Miami,,,,TEN
Kevin Winston Jr.,S,Penn State,,,,TEN
Morgan Cox,LS,Tennessee,,,,TEN
Joey Slye,PK,Virginia Tech,,,,TEN
Tommy Townsend,P,Florida,,,,TEN
Kendell Brooks,S,Michigan State,,,,TEN
Milo Eifler,LB,Illinois,,,,TEN
Jaylen Harrell,LB,Michigan,,,,TEN
Andre James,C,UCLA,,,,TEN
Tanoh Kpassagnon,DE,Villanova,,,,TEN
Dorian Mausi,LB,Auburn,,,,TEN
Joshua Williams,CB,Fayetteville State,,,,TEN
Shemar Bartholomew,CB,Georgia Southern,,,,TEN
Mohamoud Diabate,LB,Utah,,,,TEN
Mario Goodrich III,CB,Clemson,,,,TEN
Erick Hallett II,S,Pittsburgh,,,,TEN
Jalyn Holmes,DE,Ohio State,,,,TEN
Hendon Hooker,QB,Tennessee,,,,TEN
Timmy Horne,DT,Kansas State,,,,TEN
Jalen McMurray,CB,Tennessee,,,,TEN
Rasheed Miller,OT,Louisville,,,,TEN
Drew Moss,G,Colorado State,,,,TEN
Kalel Mullings,RB,Michigan,,,,TEN
K.J. Osborn,WR,Miami,,,,TEN
Jerrick Reed II,S,New Mexico,,,,TEN
Xavier Restrepo,WR,Miami,,,,TEN
Laki Tasi,DT,,,,,TEN
Joel Wilson,TE,Central Michigan,,,,TEN
Nick Allegretti,G,Illinois,,,,WSH
John Bates,TE,Boise State,,,,WSH
Dyami Brown,WR,North Carolina,,,,WSH
Treylon Burks,WR,Arkansas,,,,WSH
Brandon Coleman,G,TCU,,,,WSH
Josh Conerly Jr.,OT,Oregon,,,,WSH
Sam Cosmi,G,Texas,,,,WSH
Jacory Croskey-Merritt,RB,Arizona,,,,WSH
Jayden Daniels,QB,LSU,,,,WSH
Stefon Diggs,WR,Maryland,,,,WSH
D.J. Humphries,OT,Florida,,,,WSH
Jaylin Lane,WR,Virginia Tech,,,,WSH
Marcus Mariota,QB,Oregon,,,,WSH
Luke McCaffrey,WR,Rice,,,,WSH
Terry McLaurin,WR,Ohio State,,,,WSH
Chig Okonkwo,TE,Maryland,,,,WSH
Chris Paul,G,Tulsa,,,,WSH
Ben Sinnott,TE,Kansas State,,,,WSH
Tanoa Togiai,G,Utah,,,,WSH
Rachaad White,RB,Arizona State,,,,WSH
Andrew Wylie,G,Eastern Michigan,,,,WSH
Colson Yankoff,TE,UCLA,,,,WSH
Dorance Armstrong,DE,Kansas,,,,WSH
Ricky Barber,DT,UCF,,,,WSH
Percy Butler,S,Louisiana,,,,WSH
K'Lavon Chaisson,LB,LSU,,,,WSH
Leo Chenal,LB,Wisconsin,,,,WSH
Nick Cross,S,Maryland,,,,WSH
Rasul Douglas,CB,West Virginia,,,,WSH
Javontae Jean-Baptiste,LB,Notre Dame,,,,WSH
Javon Kinlaw,DT,South Carolina,,,,WSH
Frankie Luvu,LB,Washington State,,,,WSH
Jordan Magee,LB,Temple,,,,WSH
Quan Martin,S,Illinois,,,,WSH
Kain Medrano,LB,UCLA,,,,WSH
Fabian Moreau,CB,UCLA,,,,WSH
Charles Omenihu,DE,Texas,,,,WSH
Odafe Oweh,LB,Penn State,,,,WSH
Tyler Owens,S,Texas Tech,,,,WSH
Daron Payne,DT,Alabama,,,,WSH
Jeremy Reaves,S,South Alabama,,,,WSH
Amik Robertson,CB,Louisiana Tech,,,,WSH
Mike Sainristil,CB,Michigan,,,,WSH
Tim Settle,DT,Virginia Tech,,,,WSH
Shy Tuttle,DT,Tennessee,,,,WSH
Tyler Ott,LS,Harvard,,,,WSH
Drew Stevens,PK,Iowa,,,,WSH
Tress Way,P,Oklahoma,,,,WSH
Trey Amos,CB,Ole Miss,,,,WSH
Curtis Jacobs,LB,Penn State,,,,WSH
Jacoby Jones,WR,UCF,,,,WSH
Jeremy McNichols,RB,Boise State,,,,WSH
Quentin Moore,TE,Washington,,,,WSH
Jer'Zhan Newton,DT,Illinois,,,,WSH
Laremy Tunsil,OT,Ole Miss,,,,WSH
Deatrich Wise Jr.,DE,Arkansas,,,,WSH
Jaden Bradley,WR,UNLV,,,,WSH
Byron Cowart,DT,Maryland,,,,WSH
Fred Davis II,CB,Northwestern,,,,WSH
Julian Good-Jones,G,Iowa State,,,,WSH
Sam Hartman,QB,Notre Dame,,,,WSH
D.J. Johnson,CB,,,,,WSH
Ale Kaho,LB,UCLA,,,,WSH
Jeffrey M'ba,DT,SMU,,,,WSH
Esa Pole,OT,Washington State,,,,WSH
Craig Reynolds,RB,Kutztown,,,,WSH
Darius Rush,CB,South Carolina,,,,WSH
Trent Scott,OT,Grambling,,,,WSH
Joshua Simon,TE,South Carolina,,,,WSH
Terell Smith,CB,Minnesota,,,,WSH
Jack Westover,TE,Washington,,,,WSH
Isaac Yiadom,CB,Boston College,,,,WSH
Jason Brownlee,WR,Southern Miss,,,,
Xavier Loyd,WR,Missouri,,,,
Jeff Weimer,WR,West Virginia,,,,
Jacob De Jesus,WR,California,,,,
Kellen Diesch,OT,Arizona State,,,,
Mason Pline,TE,Furman,,,,
Chris Oladokun,QB,South Dakota State,,,,
EJ Smith,RB,Texas A&M,,,,
Niles King,DE,San Diego State,,,,
Damon Payne,DT,Michigan,,,,
Cole Brevard,DT,Texas,,,,
Amari McNeill,DT,Colorado,,,,
Ethan Hurkett,DE,Iowa,,,,
Wesley Bissainthe,LB,Miami,,,,
Kam Arnold,LB,Boston College,,,,
Zelmar Vedder,CB,Houston,,,,
